examples/test_bibparse.py::TestBibparse::test_bib1
examples/test_bibparse.py::TestBibparse::test_bibfile
examples/test_bibparse.py::TestBibparse::test_comments
examples/test_bibparse.py::TestBibparse::test_entry
examples/test_bibparse.py::TestBibparse::test_macro
examples/test_bibparse.py::TestBibparse::test_names
examples/test_bibparse.py::TestBibparse::test_numbers
examples/test_bibparse.py::TestBibparse::test_parse_field
examples/test_bibparse.py::TestBibparse::test_parse_string
examples/test_bibparse.py::TestBibparse::test_preamble
examples/tiny/tests/test_tiny.py::test_parse_assign_read_write_in_main
examples/tiny/tests/test_tiny.py::test_parse_if_then_elseif_else
examples/tiny/tests/test_tiny.py::test_repeat_until_with_c_style_comment
examples/tiny/tests/test_tiny.py::test_parse_all_required
examples/tiny/tests/test_tiny_ast_nodes.py::test_declaration_with_initializers_prints_values
examples/tiny/tests/test_tiny_ast_nodes.py::test_function_with_no_parameters_call_via_expr
examples/tiny/tests/test_tiny_ast_nodes.py::test_function_with_one_parameters_call_via_expr
examples/tiny/tests/test_tiny_ast_nodes.py::test_assignment_updates_value
examples/tiny/tests/test_tiny_ast_nodes.py::test_repeat_until_prints_n_times
examples/tiny/tests/test_tiny_ast_nodes.py::test_read_statement_prompts_and_assigns
examples/tiny/tests/test_tiny_ast_nodes.py::test_if_then_true_branch
examples/tiny/tests/test_tiny_ast_nodes.py::test_if_then_else_false_goes_else
examples/tiny/tests/test_tiny_ast_nodes.py::test_if_then_elseif_chain_matches_middle
examples/tiny/tests/test_tiny_ast_nodes.py::test_if_then_elseif_else_falls_to_else
examples/tiny/tests/test_tiny_ast_nodes.py::test_return_inside_repeat_exits_function
examples/tiny/tests/test_tiny_ast_nodes.py::test_return_inside_if_then_branch
examples/tiny/tests/test_tiny_ast_nodes.py::test_return_inside_if_elseif_branch
examples/tiny/tests/test_tiny_ast_nodes.py::test_return_inside_if_else_branch
examples/tiny/tests/test_tiny_ast_nodes.py::test_all_operations_arith_string_boolean
examples/tiny/tests/test_tiny_grammar.py::test_tiny_grammar
examples/tiny/tests/test_tiny_grammar.py::test_tiny_grammar_factorial
tests/test_examples.py::TestExamples::test_booleansearchparser
tests/test_examples.py::TestExamples::test_delta_time
tests/test_examples.py::TestExamples::test_email_parser
tests/test_examples.py::TestExamples::test_eval_arith
tests/test_examples.py::TestExamples::test_excelExpr
tests/test_examples.py::TestExamples::test_inv_regex
tests/test_examples.py::TestExamples::test_lox_parser
tests/test_examples.py::TestExamples::test_lucene_grammar
tests/test_examples.py::TestExamples::test_mongodb_query_parser
tests/test_examples.py::TestExamples::test_numerics
tests/test_examples.py::TestExamples::test_oc
tests/test_examples.py::TestExamples::test_parse_python_value
tests/test_examples.py::TestExamples::test_range_check
tests/test_examples.py::TestExamples::test_roman_numerals
tests/test_examples.py::TestExamples::test_rosettacode
tests/test_examples.py::TestExamples::test_select_parser
tests/test_examples.py::TestExamples::test_sexp_parser
tests/test_examples.py::TestExamples::test_stackish
tests/test_examples.py::TestExamples::test_tap
tests/test_matplotlib_cases.py::test_mathtext_exceptions[hspace without value]
tests/test_matplotlib_cases.py::test_mathtext_exceptions[hspace with invalid value]
tests/test_matplotlib_cases.py::test_mathtext_exceptions[function without space]
tests/test_matplotlib_cases.py::test_mathtext_exceptions[accent without space]
tests/test_matplotlib_cases.py::test_mathtext_exceptions[frac without parameters]
tests/test_matplotlib_cases.py::test_mathtext_exceptions[frac with empty parameters]
tests/test_matplotlib_cases.py::test_mathtext_exceptions[binom without parameters]
tests/test_matplotlib_cases.py::test_mathtext_exceptions[binom with empty parameters]
tests/test_matplotlib_cases.py::test_mathtext_exceptions[genfrac without parameters]
tests/test_matplotlib_cases.py::test_mathtext_exceptions[genfrac with empty parameters]
tests/test_matplotlib_cases.py::test_mathtext_exceptions[sqrt without parameters]
tests/test_matplotlib_cases.py::test_mathtext_exceptions[sqrt with invalid value]
tests/test_matplotlib_cases.py::test_mathtext_exceptions[overline without parameters]
tests/test_matplotlib_cases.py::test_mathtext_exceptions[overline with empty parameter]
tests/test_matplotlib_cases.py::test_mathtext_exceptions[left with invalid delimiter]
tests/test_matplotlib_cases.py::test_mathtext_exceptions[right with invalid delimiter]
tests/test_matplotlib_cases.py::test_mathtext_exceptions[unclosed parentheses with sizing]
tests/test_matplotlib_cases.py::test_mathtext_exceptions[unclosed parentheses without sizing]
tests/test_matplotlib_cases.py::test_mathtext_exceptions[dfrac without parameters]
tests/test_matplotlib_cases.py::test_mathtext_exceptions[dfrac with empty parameters]
tests/test_matplotlib_cases.py::test_mathtext_exceptions[overset without parameters]
tests/test_matplotlib_cases.py::test_mathtext_exceptions[underset without parameters]
tests/test_matplotlib_cases.py::test_mathtext_exceptions[unknown symbol]
tests/test_matplotlib_cases.py::test_mathtext_exceptions[double superscript]
tests/test_matplotlib_cases.py::test_mathtext_exceptions[double subscript]
tests/test_matplotlib_cases.py::test_mathtext_exceptions[super on sub without braces]
tests/test_matplotlib_cases.py::test_get_unicode_index_exception
tests/test_pep8_converter.py::test_conversion_composed
tests/test_pep8_converter.py::test_conversion_examples
tests/test_pep8_converter.py::test_conversion_warnings_for_indentedBlock
tests/test_pep8_converter.py::test_conversion_warnings_for_locatedExpr
tests/test_pre_pep8_deprecation_warnings.py::test_parseString_emits_DeprecationWarning_simple
tests/test_pre_pep8_deprecation_warnings.py::test_parse_string_parseAll_kwarg_emits_DeprecationWarning
tests/test_pre_pep8_deprecation_warnings.py::test_parse_string_does_not_warn
tests/test_pre_pep8_deprecation_warnings.py::test_enablePackrat_emits_DeprecationWarning_and_cleanup
tests/test_pre_pep8_deprecation_warnings.py::test_setResultsName_emits_DeprecationWarning
tests/test_pre_pep8_deprecation_warnings.py::test_setBreak_emits_DeprecationWarning
tests/test_pre_pep8_deprecation_warnings.py::test_setParseAction_emits_DeprecationWarning
tests/test_pre_pep8_deprecation_warnings.py::test_addParseAction_emits_DeprecationWarning
tests/test_pre_pep8_deprecation_warnings.py::test_addCondition_emits_DeprecationWarning
tests/test_pre_pep8_deprecation_warnings.py::test_scanString_emits_DeprecationWarning
tests/test_pre_pep8_deprecation_warnings.py::test_scan_string_maxMatches_kwarg_emits_DeprecationWarning
tests/test_pre_pep8_deprecation_warnings.py::test_transformString_emits_DeprecationWarning
tests/test_pre_pep8_deprecation_warnings.py::test_searchString_emits_DeprecationWarning
tests/test_pre_pep8_deprecation_warnings.py::test_setDebug_emits_DeprecationWarning
tests/test_pre_pep8_deprecation_warnings.py::test_setName_emits_DeprecationWarning
tests/test_pre_pep8_deprecation_warnings.py::test_runTests_emits_DeprecationWarning
tests/test_pre_pep8_deprecation_warnings.py::test_countedArray_emits_DeprecationWarning
tests/test_pre_pep8_deprecation_warnings.py::test_matchPreviousLiteral_emits_DeprecationWarning
tests/test_pre_pep8_deprecation_warnings.py::test_matchPreviousExpr_emits_DeprecationWarning
tests/test_pre_pep8_deprecation_warnings.py::test_oneOf_emits_DeprecationWarning
tests/test_pre_pep8_deprecation_warnings.py::test_dictOf_emits_DeprecationWarning
tests/test_pre_pep8_deprecation_warnings.py::test_originalTextFor_emits_DeprecationWarning
tests/test_pre_pep8_deprecation_warnings.py::test_nestedExpr_emits_DeprecationWarning
tests/test_pre_pep8_deprecation_warnings.py::test_makeHTMLTags_emits_DeprecationWarning
tests/test_pre_pep8_deprecation_warnings.py::test_makeXMLTags_emits_DeprecationWarning
tests/test_pre_pep8_deprecation_warnings.py::test_replaceHTMLEntity_emits_DeprecationWarning
tests/test_pre_pep8_deprecation_warnings.py::test_infixNotation_emits_DeprecationWarning
tests/test_pre_pep8_deprecation_warnings.py::test_counted_array_intExpr_kwarg_emits_DeprecationWarning
tests/test_pre_pep8_deprecation_warnings.py::test_one_of_useRegex_kwarg_emits_DeprecationWarning
tests/test_pre_pep8_deprecation_warnings.py::test_one_of_asKeyword_kwarg_emits_DeprecationWarning
tests/test_pre_pep8_deprecation_warnings.py::test_original_text_for_asString_kwarg_emits_DeprecationWarning
tests/test_pre_pep8_deprecation_warnings.py::test_nested_expr_ignoreExpr_kwarg_emits_DeprecationWarning
tests/test_pre_pep8_deprecation_warnings.py::test_replaceWith_emits_DeprecationWarning
tests/test_pre_pep8_deprecation_warnings.py::test_removeQuotes_emits_DeprecationWarning
tests/test_pre_pep8_deprecation_warnings.py::test_withAttribute_emits_DeprecationWarning
tests/test_pre_pep8_deprecation_warnings.py::test_withClass_emits_DeprecationWarning
tests/test_pre_pep8_deprecation_warnings.py::test_matchOnlyAtCol_emits_DeprecationWarning
tests/test_pre_pep8_deprecation_warnings.py::test_ParseResults_asList_kwarg_emits_DeprecationWarning
tests/test_pre_pep8_deprecation_warnings.py::test_common_convertToInteger_emits_DeprecationWarning
tests/test_pre_pep8_deprecation_warnings.py::test_common_convertToFloat_emits_DeprecationWarning
tests/test_pre_pep8_deprecation_warnings.py::test_common_convertToDate_emits_DeprecationWarning
tests/test_pre_pep8_deprecation_warnings.py::test_common_convertToDatetime_emits_DeprecationWarning
tests/test_pre_pep8_deprecation_warnings.py::test_common_stripHTMLTags_emits_DeprecationWarning
tests/test_pre_pep8_deprecation_warnings.py::test_common_upcaseTokens_emits_DeprecationWarning
tests/test_pre_pep8_deprecation_warnings.py::test_common_downcaseTokens_emits_DeprecationWarning
tests/test_simple_unit.py::PyparsingExpressionTestCase::runTest
tests/test_simple_unit.py::TestLiteral::runTest
tests/test_simple_unit.py::TestCaselessLiteral::runTest
tests/test_simple_unit.py::TestWord::runTest
tests/test_simple_unit.py::TestCombine::runTest
tests/test_simple_unit.py::TestRepetition::runTest
tests/test_simple_unit.py::TestResultsName::runTest
tests/test_simple_unit.py::TestGroups::runTest
tests/test_simple_unit.py::TestParseAction::runTest
tests/test_simple_unit.py::TestResultsModifyingParseAction::runTest
tests/test_simple_unit.py::TestRegex::runTest
tests/test_simple_unit.py::TestParseCondition::runTest
tests/test_simple_unit.py::TestTransformStringUsingParseActions::runTest
tests/test_simple_unit.py::TestCommonHelperExpressions::runTest
tests/test_simple_unit.py::TestWhitespaceMethods::runTest
tests/test_testing.py::test_with_line_numbers[abcd-options0-           1\n  1234567890\n1:abcd|\n]
tests/test_testing.py::test_with_line_numbers[-options1-]
tests/test_testing.py::test_with_line_numbers[\n-options2-  \n  \n1:|\n]
tests/test_testing.py::test_with_line_numbers[abcdefghijabcdefghijabcdefghijabcdefghijabcdefghijabcdefghijabcdefghijabcdefghijabcdefghijabcdefghijabcdefghij-options3-                                                                                                     1\n           1         2         3         4         5         6         7         8         9         0         1\n  12345678901234567890123456789012345678901234567890123456789012345678901234567890123456789012345678901234567890\n1:abcdefghijabcdefghijabcdefghijabcdefghijabcdefghijabcdefghijabcdefghijabcdefghijabcdefghijabcdefghijabcdefghij|\n]
tests/test_testing.py::test_with_line_numbers[abcd-options4-....           1\n....  1234567890\n....1:abcd|\n]
tests/test_testing.py::test_with_line_numbers[ab\tc\x07d-options5-           1         2\n  12345678901234567890\n1:ab      c?d|\n]
tests/test_testing.py::test_with_line_numbers[ab\tc\x07d-options6-           1\n  1234567890\n1:ab?c?d|\n]
tests/test_testing.py::test_with_line_numbers[ab\tc\x07d-options7-           1         2\n  12345678901234567890\n1:ab\u2420\u2420\u2420\u2420\u2420\u2420c\u2407d\u240a\n]
tests/test_testing.py::test_with_line_numbers[ab\tc  d-options8-           1\n  1234567890\n1:ab\tc``d|\n]
tests/test_testing.py::test_with_line_numbers[ab\tc\x07d-options9-           1\n  1234567890\n1:ab\u2409c\x07d|\n]
tests/test_unit.py::Test01_PyparsingTestInit::runTest
tests/test_unit.py::Test01a_PyparsingEnvironmentTests::runTest
tests/test_unit.py::Test01b_PyparsingUnitTestUtilitiesTests::runTest
tests/test_unit.py::Test02_WithoutPackrat::test000_assert_packrat_status
tests/test_unit.py::Test02_WithoutPackrat::testAddCondition
tests/test_unit.py::Test02_WithoutPackrat::testAssertParseAndCheckDict
tests/test_unit.py::Test02_WithoutPackrat::testAtLineStart
tests/test_unit.py::Test02_WithoutPackrat::testAutonameElements
tests/test_unit.py::Test02_WithoutPackrat::testCStyleCommentParser
tests/test_unit.py::Test02_WithoutPackrat::testCaselessKeywordVsKeywordCaseless
tests/test_unit.py::Test02_WithoutPackrat::testCaselessOneOf
tests/test_unit.py::Test02_WithoutPackrat::testChainedTernaryOperator
tests/test_unit.py::Test02_WithoutPackrat::testCharAsKeyword
tests/test_unit.py::Test02_WithoutPackrat::testCharRe
tests/test_unit.py::Test02_WithoutPackrat::testCharsNotIn
tests/test_unit.py::Test02_WithoutPackrat::testClearParseActions
tests/test_unit.py::Test02_WithoutPackrat::testCloseMatch
tests/test_unit.py::Test02_WithoutPackrat::testCloseMatchCaseless
tests/test_unit.py::Test02_WithoutPackrat::testCol
tests/test_unit.py::Test02_WithoutPackrat::testCombineSetName
tests/test_unit.py::Test02_WithoutPackrat::testCombineWithResultsNames
tests/test_unit.py::Test02_WithoutPackrat::testCommonExpressions
tests/test_unit.py::Test02_WithoutPackrat::testCommonUrl
tests/test_unit.py::Test02_WithoutPackrat::testCommonUrlExprs
tests/test_unit.py::Test02_WithoutPackrat::testCommonUrlParts
tests/test_unit.py::Test02_WithoutPackrat::testConvertToDateErr
tests/test_unit.py::Test02_WithoutPackrat::testConvertToDatetimeErr
tests/test_unit.py::Test02_WithoutPackrat::testCopyLiteralAttrs
tests/test_unit.py::Test02_WithoutPackrat::testCountedArray
tests/test_unit.py::Test02_WithoutPackrat::testCountedArrayTest2
tests/test_unit.py::Test02_WithoutPackrat::testCountedArrayTest3
tests/test_unit.py::Test02_WithoutPackrat::testCountedArrayTest4
tests/test_unit.py::Test02_WithoutPackrat::testCreateLiteralWithEmptyString
tests/test_unit.py::Test02_WithoutPackrat::testCuneiformTransformString
tests/test_unit.py::Test02_WithoutPackrat::testCustomQuotes
tests/test_unit.py::Test02_WithoutPackrat::testCustomQuotes2
tests/test_unit.py::Test02_WithoutPackrat::testDateTimeValidation
tests/test_unit.py::Test02_WithoutPackrat::testDefaultKeywordChars
tests/test_unit.py::Test02_WithoutPackrat::testDelimitedListMinMax
tests/test_unit.py::Test02_WithoutPackrat::testDelimitedListName
tests/test_unit.py::Test02_WithoutPackrat::testDelimitedListOfStrLiterals
tests/test_unit.py::Test02_WithoutPackrat::testDelimitedListParseActions1
tests/test_unit.py::Test02_WithoutPackrat::testDelimitedListParseActions2
tests/test_unit.py::Test02_WithoutPackrat::testDelimitedListParseActions3
tests/test_unit.py::Test02_WithoutPackrat::testDeprecatedNonPep8Names
tests/test_unit.py::Test02_WithoutPackrat::testDontWarnUngroupedNamedTokensIfWarningSuppressed
tests/test_unit.py::Test02_WithoutPackrat::testDoubleSlashCommentParser
tests/test_unit.py::Test02_WithoutPackrat::testEachWithMultipleMatch
tests/test_unit.py::Test02_WithoutPackrat::testEachWithOptionalWithResultsName
tests/test_unit.py::Test02_WithoutPackrat::testEachWithParseFatalException
tests/test_unit.py::Test02_WithoutPackrat::testEllipsisRepetition
tests/test_unit.py::Test02_WithoutPackrat::testEllipsisRepetitionWithResultsNames
tests/test_unit.py::Test02_WithoutPackrat::testEmptyDictDoesNotRaiseException
tests/test_unit.py::Test02_WithoutPackrat::testEmptyExpressionsAreHandledProperly
tests/test_unit.py::Test02_WithoutPackrat::testEnableDebugOnExpressionWithParseAction
tests/test_unit.py::Test02_WithoutPackrat::testEnableDebugOnNamedExpressions
tests/test_unit.py::Test02_WithoutPackrat::testEnableDebugWithCachedExpressionsMarkedWithAsterisk
tests/test_unit.py::Test02_WithoutPackrat::testEnableWarnDiags
tests/test_unit.py::Test02_WithoutPackrat::testExceptionExplainVariations
tests/test_unit.py::Test02_WithoutPackrat::testExceptionMessageCustomization
tests/test_unit.py::Test02_WithoutPackrat::testExplainException
tests/test_unit.py::Test02_WithoutPackrat::testExplainExceptionWithMemoizationCheck
tests/test_unit.py::Test02_WithoutPackrat::testExprSplitter
tests/test_unit.py::Test02_WithoutPackrat::testExpressionDefaultStrings
tests/test_unit.py::Test02_WithoutPackrat::testFollowedBy
tests/test_unit.py::Test02_WithoutPackrat::testForwardExceptionText
tests/test_unit.py::Test02_WithoutPackrat::testForwardExceptionText2
tests/test_unit.py::Test02_WithoutPackrat::testForwardReferenceException
tests/test_unit.py::Test02_WithoutPackrat::testForwardsDoProperStreamlining
tests/test_unit.py::Test02_WithoutPackrat::testGetNameBehavior
tests/test_unit.py::Test02_WithoutPackrat::testGoToColumn
tests/test_unit.py::Test02_WithoutPackrat::testGreedyQuotedStrings
tests/test_unit.py::Test02_WithoutPackrat::testHTMLEntities
tests/test_unit.py::Test02_WithoutPackrat::testHTMLStripper
tests/test_unit.py::Test02_WithoutPackrat::testHtmlCommentParser
tests/test_unit.py::Test02_WithoutPackrat::testIgnoreString
tests/test_unit.py::Test02_WithoutPackrat::testIndentedBlock
tests/test_unit.py::Test02_WithoutPackrat::testIndentedBlockClass
tests/test_unit.py::Test02_WithoutPackrat::testIndentedBlockClass2
tests/test_unit.py::Test02_WithoutPackrat::testIndentedBlockClassWithRecursion
tests/test_unit.py::Test02_WithoutPackrat::testIndentedBlockScan
tests/test_unit.py::Test02_WithoutPackrat::testIndentedBlockTest2
tests/test_unit.py::Test02_WithoutPackrat::testInfixNotationBasicArithEval
tests/test_unit.py::Test02_WithoutPackrat::testInfixNotationEvalBoolExprUsingAstClasses
tests/test_unit.py::Test02_WithoutPackrat::testInfixNotationExceptions
tests/test_unit.py::Test02_WithoutPackrat::testInfixNotationGrammarTest5
tests/test_unit.py::Test02_WithoutPackrat::testInfixNotationMinimalParseActionCalls
tests/test_unit.py::Test02_WithoutPackrat::testInfixNotationTernaryOperator
tests/test_unit.py::Test02_WithoutPackrat::testInfixNotationWithAlternateParenSymbols
tests/test_unit.py::Test02_WithoutPackrat::testInfixNotationWithNonOperators
tests/test_unit.py::Test02_WithoutPackrat::testInfixNotationWithParseActions
tests/test_unit.py::Test02_WithoutPackrat::testInlineLiteralsUsing
tests/test_unit.py::Test02_WithoutPackrat::testInvalidDiagSetting
tests/test_unit.py::Test02_WithoutPackrat::testInvalidMinMaxArgs
tests/test_unit.py::Test02_WithoutPackrat::testKeywordCopyIdentChars
tests/test_unit.py::Test02_WithoutPackrat::testLineAndStringEnd
tests/test_unit.py::Test02_WithoutPackrat::testLineMethodSpecialCaseAtStart
tests/test_unit.py::Test02_WithoutPackrat::testLineStart
tests/test_unit.py::Test02_WithoutPackrat::testLineStart2
tests/test_unit.py::Test02_WithoutPackrat::testLineStartWithLeadingSpaces
tests/test_unit.py::Test02_WithoutPackrat::testLiteralException
tests/test_unit.py::Test02_WithoutPackrat::testLiteralVsKeyword
tests/test_unit.py::Test02_WithoutPackrat::testLocatedExpr
tests/test_unit.py::Test02_WithoutPackrat::testLocatedExprUsingLocated
tests/test_unit.py::Test02_WithoutPackrat::testLshiftOperatorWithOtherTypes
tests/test_unit.py::Test02_WithoutPackrat::testMakeXMLTags
tests/test_unit.py::Test02_WithoutPackrat::testMarkInputLine
tests/test_unit.py::Test02_WithoutPackrat::testMatchFirstIteratesOverAllChoices
tests/test_unit.py::Test02_WithoutPackrat::testMatchOnlyAtCol
tests/test_unit.py::Test02_WithoutPackrat::testMatchOnlyAtColErr
tests/test_unit.py::Test02_WithoutPackrat::testMiscellaneousExceptionBits
tests/test_unit.py::Test02_WithoutPackrat::testMulWithEllipsis
tests/test_unit.py::Test02_WithoutPackrat::testMulWithNegativeNumber
tests/test_unit.py::Test02_WithoutPackrat::testNestedAsDict
tests/test_unit.py::Test02_WithoutPackrat::testNestedExpressionDoesNotOverwriteParseActions
tests/test_unit.py::Test02_WithoutPackrat::testNestedExpressionRandom
tests/test_unit.py::Test02_WithoutPackrat::testNestedExpressions
tests/test_unit.py::Test02_WithoutPackrat::testNestedExpressions2
tests/test_unit.py::Test02_WithoutPackrat::testNestedExpressions3
tests/test_unit.py::Test02_WithoutPackrat::testNestedExpressions4
tests/test_unit.py::Test02_WithoutPackrat::testNumericExpressions
tests/test_unit.py::Test02_WithoutPackrat::testOneOf
tests/test_unit.py::Test02_WithoutPackrat::testOneOfKeywords
tests/test_unit.py::Test02_WithoutPackrat::testOneOfWithDuplicateSymbols
tests/test_unit.py::Test02_WithoutPackrat::testOneOfWithEmptyList
tests/test_unit.py::Test02_WithoutPackrat::testOneOfWithUnexpectedInput
tests/test_unit.py::Test02_WithoutPackrat::testOneOrMoreStop
tests/test_unit.py::Test02_WithoutPackrat::testOnlyOnce
tests/test_unit.py::Test02_WithoutPackrat::testOptionalBeyondEndOfString
tests/test_unit.py::Test02_WithoutPackrat::testOptionalEachTest1
tests/test_unit.py::Test02_WithoutPackrat::testOptionalEachTest2
tests/test_unit.py::Test02_WithoutPackrat::testOptionalEachTest3
tests/test_unit.py::Test02_WithoutPackrat::testOptionalEachTest4
tests/test_unit.py::Test02_WithoutPackrat::testOptionalWithResultsNameAndNoMatch
tests/test_unit.py::Test02_WithoutPackrat::testOriginalTextFor
tests/test_unit.py::Test02_WithoutPackrat::testPackratParsingCacheCopy
tests/test_unit.py::Test02_WithoutPackrat::testPackratParsingCacheCopyTest2
tests/test_unit.py::Test02_WithoutPackrat::testParseActionIndexErrorException
tests/test_unit.py::Test02_WithoutPackrat::testParseActionNesting
tests/test_unit.py::Test02_WithoutPackrat::testParseActionRunsInNotAny
tests/test_unit.py::Test02_WithoutPackrat::testParseActionWithDelimitedList
tests/test_unit.py::Test02_WithoutPackrat::testParseAll
tests/test_unit.py::Test02_WithoutPackrat::testParseCommaSeparatedValues
tests/test_unit.py::Test02_WithoutPackrat::testParseConfigFile
tests/test_unit.py::Test02_WithoutPackrat::testParseEBNF
tests/test_unit.py::Test02_WithoutPackrat::testParseEBNFmissingDefinitions
tests/test_unit.py::Test02_WithoutPackrat::testParseExpressionResults
tests/test_unit.py::Test02_WithoutPackrat::testParseExpressionResultsAccumulate
tests/test_unit.py::Test02_WithoutPackrat::testParseExpressionsWithRegex
tests/test_unit.py::Test02_WithoutPackrat::testParseFatalException
tests/test_unit.py::Test02_WithoutPackrat::testParseFatalException2
tests/test_unit.py::Test02_WithoutPackrat::testParseFatalException3
tests/test_unit.py::Test02_WithoutPackrat::testParseFile
tests/test_unit.py::Test02_WithoutPackrat::testParseFourFn
tests/test_unit.py::Test02_WithoutPackrat::testParseHTMLTags
tests/test_unit.py::Test02_WithoutPackrat::testParseIDL
tests/test_unit.py::Test02_WithoutPackrat::testParseJSONData
tests/test_unit.py::Test02_WithoutPackrat::testParseKeyword
tests/test_unit.py::Test02_WithoutPackrat::testParseResultsAcceptingACollectionTypeValue
tests/test_unit.py::Test02_WithoutPackrat::testParseResultsAddingSuppressedTokenWithResultsName
tests/test_unit.py::Test02_WithoutPackrat::testParseResultsAppend
tests/test_unit.py::Test02_WithoutPackrat::testParseResultsBool
tests/test_unit.py::Test02_WithoutPackrat::testParseResultsClear
tests/test_unit.py::Test02_WithoutPackrat::testParseResultsCopy
tests/test_unit.py::Test02_WithoutPackrat::testParseResultsDeepcopy
tests/test_unit.py::Test02_WithoutPackrat::testParseResultsDeepcopy2
tests/test_unit.py::Test02_WithoutPackrat::testParseResultsDeepcopy3
tests/test_unit.py::Test02_WithoutPackrat::testParseResultsDel
tests/test_unit.py::Test02_WithoutPackrat::testParseResultsDir
tests/test_unit.py::Test02_WithoutPackrat::testParseResultsExtendWithParseResults
tests/test_unit.py::Test02_WithoutPackrat::testParseResultsExtendWithString
tests/test_unit.py::Test02_WithoutPackrat::testParseResultsFromDict
tests/test_unit.py::Test02_WithoutPackrat::testParseResultsInsert
tests/test_unit.py::Test02_WithoutPackrat::testParseResultsInsertWithResultsNames
tests/test_unit.py::Test02_WithoutPackrat::testParseResultsNameBelowUngroupedName
tests/test_unit.py::Test02_WithoutPackrat::testParseResultsNamedResultWithEmptyString
tests/test_unit.py::Test02_WithoutPackrat::testParseResultsNamesInGroupWithDict
tests/test_unit.py::Test02_WithoutPackrat::testParseResultsNewEdgeCases
tests/test_unit.py::Test02_WithoutPackrat::testParseResultsPickle
tests/test_unit.py::Test02_WithoutPackrat::testParseResultsPickle2
tests/test_unit.py::Test02_WithoutPackrat::testParseResultsPickle3
tests/test_unit.py::Test02_WithoutPackrat::testParseResultsReprWithResultsNames
tests/test_unit.py::Test02_WithoutPackrat::testParseResultsReturningDunderAttribute
tests/test_unit.py::Test02_WithoutPackrat::testParseResultsReversed
tests/test_unit.py::Test02_WithoutPackrat::testParseResultsStringListUsingCombine
tests/test_unit.py::Test02_WithoutPackrat::testParseResultsValues
tests/test_unit.py::Test02_WithoutPackrat::testParseResultsWithAsListWithAndWithoutFlattening
tests/test_unit.py::Test02_WithoutPackrat::testParseResultsWithNameMatchFirst
tests/test_unit.py::Test02_WithoutPackrat::testParseResultsWithNameOr
tests/test_unit.py::Test02_WithoutPackrat::testParseResultsWithNamedTuple
tests/test_unit.py::Test02_WithoutPackrat::testParseResultsWithNestedNames
tests/test_unit.py::Test02_WithoutPackrat::testParseSQL
tests/test_unit.py::Test02_WithoutPackrat::testParseUsingRegex
tests/test_unit.py::Test02_WithoutPackrat::testParseVerilog
tests/test_unit.py::Test02_WithoutPackrat::testParserElementAddOperatorWithOtherTypes
tests/test_unit.py::Test02_WithoutPackrat::testParserElementEachOperatorWithOtherTypes
tests/test_unit.py::Test02_WithoutPackrat::testParserElementMatchFirstOperatorWithOtherTypes
tests/test_unit.py::Test02_WithoutPackrat::testParserElementMatchLongestWithOtherTypes
tests/test_unit.py::Test02_WithoutPackrat::testParserElementMulByZero
tests/test_unit.py::Test02_WithoutPackrat::testParserElementMulOperatorWithOtherTypes
tests/test_unit.py::Test02_WithoutPackrat::testParserElementMulOperatorWithTuples
tests/test_unit.py::Test02_WithoutPackrat::testParserElementPassedStrToMultiplierShorthand
tests/test_unit.py::Test02_WithoutPackrat::testParserElementPassedThreeArgsToMultiplierShorthand
tests/test_unit.py::Test02_WithoutPackrat::testParserElementSubOperatorWithOtherTypes
tests/test_unit.py::Test02_WithoutPackrat::testPatientOr
tests/test_unit.py::Test02_WithoutPackrat::testPop
tests/test_unit.py::Test02_WithoutPackrat::testPopKwargsErr
tests/test_unit.py::Test02_WithoutPackrat::testPrecededBy
tests/test_unit.py::Test02_WithoutPackrat::testPythonQuotedStrings
tests/test_unit.py::Test02_WithoutPackrat::testQuotedStringEscapedExtendedChars
tests/test_unit.py::Test02_WithoutPackrat::testQuotedStringEscapedQuotes
tests/test_unit.py::Test02_WithoutPackrat::testQuotedStringLoc
tests/test_unit.py::Test02_WithoutPackrat::testQuotedStringUnquotesAndConvertWhitespaceEscapes
tests/test_unit.py::Test02_WithoutPackrat::testQuotedStrings
tests/test_unit.py::Test02_WithoutPackrat::testReCatastrophicBacktrackingInCommentParsers
tests/test_unit.py::Test02_WithoutPackrat::testReCatastrophicBacktrackingInQuotedStringParsers
tests/test_unit.py::Test02_WithoutPackrat::testReStringRange
tests/test_unit.py::Test02_WithoutPackrat::testRecursiveCombine
tests/test_unit.py::Test02_WithoutPackrat::testRegexAsType
tests/test_unit.py::Test02_WithoutPackrat::testRegexDeferredCompile
tests/test_unit.py::Test02_WithoutPackrat::testRegexDeferredCompileCommonHtmlEntity
tests/test_unit.py::Test02_WithoutPackrat::testRegexInvalidType
tests/test_unit.py::Test02_WithoutPackrat::testRegexLoopPastEndOfString
tests/test_unit.py::Test02_WithoutPackrat::testRegexSub
tests/test_unit.py::Test02_WithoutPackrat::testRepeatedTokensWhenPackratting
tests/test_unit.py::Test02_WithoutPackrat::testRepeater
tests/test_unit.py::Test02_WithoutPackrat::testRepeater2
tests/test_unit.py::Test02_WithoutPackrat::testRepeater3
tests/test_unit.py::Test02_WithoutPackrat::testRepeater4
tests/test_unit.py::Test02_WithoutPackrat::testRepeater5
tests/test_unit.py::Test02_WithoutPackrat::testRequiredEach
tests/test_unit.py::Test02_WithoutPackrat::testReturnOfFurthestException
tests/test_unit.py::Test02_WithoutPackrat::testRunTests
tests/test_unit.py::Test02_WithoutPackrat::testRunTestsPostParse
tests/test_unit.py::Test02_WithoutPackrat::testScanString
tests/test_unit.py::Test02_WithoutPackrat::testScanStringWithOverlap
tests/test_unit.py::Test02_WithoutPackrat::testSetBreak
tests/test_unit.py::Test02_WithoutPackrat::testSetDebugRecursively
tests/test_unit.py::Test02_WithoutPackrat::testSetDebugRecursivelyWithForward
tests/test_unit.py::Test02_WithoutPackrat::testSetName
tests/test_unit.py::Test02_WithoutPackrat::testSetNameToStrAndNone
tests/test_unit.py::Test02_WithoutPackrat::testSetParseActionUncallableErr
tests/test_unit.py::Test02_WithoutPackrat::testSetResultsNameWithOneOrMoreAndZeroOrMore
tests/test_unit.py::Test02_WithoutPackrat::testSingleArgException
tests/test_unit.py::Test02_WithoutPackrat::testSkipToIgnoreExpr2
tests/test_unit.py::Test02_WithoutPackrat::testSkipToParserTests
tests/test_unit.py::Test02_WithoutPackrat::testSkipToPreParseIgnoreExprs
tests/test_unit.py::Test02_WithoutPackrat::testStreamlineOfExpressionsAfterSetName
tests/test_unit.py::Test02_WithoutPackrat::testStreamlineOfSubexpressions
tests/test_unit.py::Test02_WithoutPackrat::testStringStart
tests/test_unit.py::Test02_WithoutPackrat::testStringStartAndLineStartInsideAnd
tests/test_unit.py::Test02_WithoutPackrat::testSumParseResults
tests/test_unit.py::Test02_WithoutPackrat::testTagElements
tests/test_unit.py::Test02_WithoutPackrat::testTokenMap
tests/test_unit.py::Test02_WithoutPackrat::testTraceParseActionDecorator
tests/test_unit.py::Test02_WithoutPackrat::testTraceParseActionDecorator_with_exception
tests/test_unit.py::Test02_WithoutPackrat::testTransformString
tests/test_unit.py::Test02_WithoutPackrat::testTransformStringWithExpectedLeadingWhitespace
tests/test_unit.py::Test02_WithoutPackrat::testTransformStringWithLeadingNotAny
tests/test_unit.py::Test02_WithoutPackrat::testTransformStringWithLeadingWhitespace
tests/test_unit.py::Test02_WithoutPackrat::testTransformStringWithLeadingWhitespaceFromTranslateProject
tests/test_unit.py::Test02_WithoutPackrat::testTrimArityExceptionMasking
tests/test_unit.py::Test02_WithoutPackrat::testTrimArityExceptionMaskingTest2
tests/test_unit.py::Test02_WithoutPackrat::testUndesirableButCommonPractices
tests/test_unit.py::Test02_WithoutPackrat::testUnicodeExpression
tests/test_unit.py::Test02_WithoutPackrat::testUnicodeSetNameEquivalence
tests/test_unit.py::Test02_WithoutPackrat::testUnicodeTests
tests/test_unit.py::Test02_WithoutPackrat::testUnicodeTests2
tests/test_unit.py::Test02_WithoutPackrat::testUpcaseDowncaseUnicode
tests/test_unit.py::Test02_WithoutPackrat::testUpdateDefaultWhitespace
tests/test_unit.py::Test02_WithoutPackrat::testUpdateDefaultWhitespace2
tests/test_unit.py::Test02_WithoutPackrat::testValidateCorrectlyDetectsInvalidLeftRecursion
tests/test_unit.py::Test02_WithoutPackrat::testVariableParseActionArgs
tests/test_unit.py::Test02_WithoutPackrat::testWarnIncorrectAssignmentToForward
tests/test_unit.py::Test02_WithoutPackrat::testWarnNameSetOnEmptyForward
tests/test_unit.py::Test02_WithoutPackrat::testWarnOnMultipleStringArgsToOneOf
tests/test_unit.py::Test02_WithoutPackrat::testWarnParsingEmptyForward
tests/test_unit.py::Test02_WithoutPackrat::testWarnUngroupedNamedTokens
tests/test_unit.py::Test02_WithoutPackrat::testWarnUsingLshiftForward
tests/test_unit.py::Test02_WithoutPackrat::testWithAttributeParseAction
tests/test_unit.py::Test02_WithoutPackrat::testWordBoundaryExpressions
tests/test_unit.py::Test02_WithoutPackrat::testWordBoundaryExpressions2
tests/test_unit.py::Test02_WithoutPackrat::testWordCopyWhenWordCharsIncludeSpace
tests/test_unit.py::Test02_WithoutPackrat::testWordCopyWhenWordCharsIncludeSpace2
tests/test_unit.py::Test02_WithoutPackrat::testWordCopyWhenWordCharsIncludeSpace3
tests/test_unit.py::Test02_WithoutPackrat::testWordExact
tests/test_unit.py::Test02_WithoutPackrat::testWordExclude
tests/test_unit.py::Test02_WithoutPackrat::testWordExclude2
tests/test_unit.py::Test02_WithoutPackrat::testWordInternalReRangeWithConsecutiveChars
tests/test_unit.py::Test02_WithoutPackrat::testWordInternalReRanges
tests/test_unit.py::Test02_WithoutPackrat::testWordInternalReRangesKnownSet
tests/test_unit.py::Test02_WithoutPackrat::testWordMaxGreaterThanZeroAndAsKeyword1
tests/test_unit.py::Test02_WithoutPackrat::testWordMaxGreaterThanZeroAndAsKeyword2
tests/test_unit.py::Test02_WithoutPackrat::testWordMin
tests/test_unit.py::Test02_WithoutPackrat::testWordMinMaxArgs
tests/test_unit.py::Test02_WithoutPackrat::testWordMinMaxExactArgs
tests/test_unit.py::Test02_WithoutPackrat::testWordMinOfZero
tests/test_unit.py::Test02_WithoutPackrat::testWordParseImpl
tests/test_unit.py::Test02_WithoutPackrat::testWordWithIdentChars
tests/test_unit.py::Test02_WithoutPackrat::testZeroOrMoreStop
tests/test_unit.py::Test02_WithoutPackrat::test_exception_messages
tests/test_unit.py::Test02_WithoutPackrat::test_exception_messages_with_exception_subclass
tests/test_unit.py::Test02_WithoutPackrat::test_pep8_synonyms
tests/test_unit.py::Test03_EnablePackratParsing::runTest
tests/test_unit.py::Test04_WithPackrat::test000_assert_packrat_status
tests/test_unit.py::Test04_WithPackrat::testAddCondition
tests/test_unit.py::Test04_WithPackrat::testAssertParseAndCheckDict
tests/test_unit.py::Test04_WithPackrat::testAtLineStart
tests/test_unit.py::Test04_WithPackrat::testAutonameElements
tests/test_unit.py::Test04_WithPackrat::testCStyleCommentParser
tests/test_unit.py::Test04_WithPackrat::testCaselessKeywordVsKeywordCaseless
tests/test_unit.py::Test04_WithPackrat::testCaselessOneOf
tests/test_unit.py::Test04_WithPackrat::testChainedTernaryOperator
tests/test_unit.py::Test04_WithPackrat::testCharAsKeyword
tests/test_unit.py::Test04_WithPackrat::testCharRe
tests/test_unit.py::Test04_WithPackrat::testCharsNotIn
tests/test_unit.py::Test04_WithPackrat::testClearParseActions
tests/test_unit.py::Test04_WithPackrat::testCloseMatch
tests/test_unit.py::Test04_WithPackrat::testCloseMatchCaseless
tests/test_unit.py::Test04_WithPackrat::testCol
tests/test_unit.py::Test04_WithPackrat::testCombineSetName
tests/test_unit.py::Test04_WithPackrat::testCombineWithResultsNames
tests/test_unit.py::Test04_WithPackrat::testCommonExpressions
tests/test_unit.py::Test04_WithPackrat::testCommonUrl
tests/test_unit.py::Test04_WithPackrat::testCommonUrlExprs
tests/test_unit.py::Test04_WithPackrat::testCommonUrlParts
tests/test_unit.py::Test04_WithPackrat::testConvertToDateErr
tests/test_unit.py::Test04_WithPackrat::testConvertToDatetimeErr
tests/test_unit.py::Test04_WithPackrat::testCopyLiteralAttrs
tests/test_unit.py::Test04_WithPackrat::testCountedArray
tests/test_unit.py::Test04_WithPackrat::testCountedArrayTest2
tests/test_unit.py::Test04_WithPackrat::testCountedArrayTest3
tests/test_unit.py::Test04_WithPackrat::testCountedArrayTest4
tests/test_unit.py::Test04_WithPackrat::testCreateLiteralWithEmptyString
tests/test_unit.py::Test04_WithPackrat::testCuneiformTransformString
tests/test_unit.py::Test04_WithPackrat::testCustomQuotes
tests/test_unit.py::Test04_WithPackrat::testCustomQuotes2
tests/test_unit.py::Test04_WithPackrat::testDateTimeValidation
tests/test_unit.py::Test04_WithPackrat::testDefaultKeywordChars
tests/test_unit.py::Test04_WithPackrat::testDelimitedListMinMax
tests/test_unit.py::Test04_WithPackrat::testDelimitedListName
tests/test_unit.py::Test04_WithPackrat::testDelimitedListOfStrLiterals
tests/test_unit.py::Test04_WithPackrat::testDelimitedListParseActions1
tests/test_unit.py::Test04_WithPackrat::testDelimitedListParseActions2
tests/test_unit.py::Test04_WithPackrat::testDelimitedListParseActions3
tests/test_unit.py::Test04_WithPackrat::testDeprecatedNonPep8Names
tests/test_unit.py::Test04_WithPackrat::testDontWarnUngroupedNamedTokensIfWarningSuppressed
tests/test_unit.py::Test04_WithPackrat::testDoubleSlashCommentParser
tests/test_unit.py::Test04_WithPackrat::testEachWithMultipleMatch
tests/test_unit.py::Test04_WithPackrat::testEachWithOptionalWithResultsName
tests/test_unit.py::Test04_WithPackrat::testEachWithParseFatalException
tests/test_unit.py::Test04_WithPackrat::testEllipsisRepetition
tests/test_unit.py::Test04_WithPackrat::testEllipsisRepetitionWithResultsNames
tests/test_unit.py::Test04_WithPackrat::testEmptyDictDoesNotRaiseException
tests/test_unit.py::Test04_WithPackrat::testEmptyExpressionsAreHandledProperly
tests/test_unit.py::Test04_WithPackrat::testEnableDebugOnExpressionWithParseAction
tests/test_unit.py::Test04_WithPackrat::testEnableDebugOnNamedExpressions
tests/test_unit.py::Test04_WithPackrat::testEnableDebugWithCachedExpressionsMarkedWithAsterisk
tests/test_unit.py::Test04_WithPackrat::testEnableWarnDiags
tests/test_unit.py::Test04_WithPackrat::testExceptionExplainVariations
tests/test_unit.py::Test04_WithPackrat::testExceptionMessageCustomization
tests/test_unit.py::Test04_WithPackrat::testExplainException
tests/test_unit.py::Test04_WithPackrat::testExplainExceptionWithMemoizationCheck
tests/test_unit.py::Test04_WithPackrat::testExprSplitter
tests/test_unit.py::Test04_WithPackrat::testExpressionDefaultStrings
tests/test_unit.py::Test04_WithPackrat::testFollowedBy
tests/test_unit.py::Test04_WithPackrat::testForwardExceptionText
tests/test_unit.py::Test04_WithPackrat::testForwardExceptionText2
tests/test_unit.py::Test04_WithPackrat::testForwardReferenceException
tests/test_unit.py::Test04_WithPackrat::testForwardsDoProperStreamlining
tests/test_unit.py::Test04_WithPackrat::testGetNameBehavior
tests/test_unit.py::Test04_WithPackrat::testGoToColumn
tests/test_unit.py::Test04_WithPackrat::testGreedyQuotedStrings
tests/test_unit.py::Test04_WithPackrat::testHTMLEntities
tests/test_unit.py::Test04_WithPackrat::testHTMLStripper
tests/test_unit.py::Test04_WithPackrat::testHtmlCommentParser
tests/test_unit.py::Test04_WithPackrat::testIgnoreString
tests/test_unit.py::Test04_WithPackrat::testIndentedBlock
tests/test_unit.py::Test04_WithPackrat::testIndentedBlockClass
tests/test_unit.py::Test04_WithPackrat::testIndentedBlockClass2
tests/test_unit.py::Test04_WithPackrat::testIndentedBlockClassWithRecursion
tests/test_unit.py::Test04_WithPackrat::testIndentedBlockScan
tests/test_unit.py::Test04_WithPackrat::testIndentedBlockTest2
tests/test_unit.py::Test04_WithPackrat::testInfixNotationBasicArithEval
tests/test_unit.py::Test04_WithPackrat::testInfixNotationEvalBoolExprUsingAstClasses
tests/test_unit.py::Test04_WithPackrat::testInfixNotationExceptions
tests/test_unit.py::Test04_WithPackrat::testInfixNotationGrammarTest5
tests/test_unit.py::Test04_WithPackrat::testInfixNotationMinimalParseActionCalls
tests/test_unit.py::Test04_WithPackrat::testInfixNotationTernaryOperator
tests/test_unit.py::Test04_WithPackrat::testInfixNotationWithAlternateParenSymbols
tests/test_unit.py::Test04_WithPackrat::testInfixNotationWithNonOperators
tests/test_unit.py::Test04_WithPackrat::testInfixNotationWithParseActions
tests/test_unit.py::Test04_WithPackrat::testInlineLiteralsUsing
tests/test_unit.py::Test04_WithPackrat::testInvalidDiagSetting
tests/test_unit.py::Test04_WithPackrat::testInvalidMinMaxArgs
tests/test_unit.py::Test04_WithPackrat::testKeywordCopyIdentChars
tests/test_unit.py::Test04_WithPackrat::testLineAndStringEnd
tests/test_unit.py::Test04_WithPackrat::testLineMethodSpecialCaseAtStart
tests/test_unit.py::Test04_WithPackrat::testLineStart
tests/test_unit.py::Test04_WithPackrat::testLineStart2
tests/test_unit.py::Test04_WithPackrat::testLineStartWithLeadingSpaces
tests/test_unit.py::Test04_WithPackrat::testLiteralException
tests/test_unit.py::Test04_WithPackrat::testLiteralVsKeyword
tests/test_unit.py::Test04_WithPackrat::testLocatedExpr
tests/test_unit.py::Test04_WithPackrat::testLocatedExprUsingLocated
tests/test_unit.py::Test04_WithPackrat::testLshiftOperatorWithOtherTypes
tests/test_unit.py::Test04_WithPackrat::testMakeXMLTags
tests/test_unit.py::Test04_WithPackrat::testMarkInputLine
tests/test_unit.py::Test04_WithPackrat::testMatchFirstIteratesOverAllChoices
tests/test_unit.py::Test04_WithPackrat::testMatchOnlyAtCol
tests/test_unit.py::Test04_WithPackrat::testMatchOnlyAtColErr
tests/test_unit.py::Test04_WithPackrat::testMiscellaneousExceptionBits
tests/test_unit.py::Test04_WithPackrat::testMulWithEllipsis
tests/test_unit.py::Test04_WithPackrat::testMulWithNegativeNumber
tests/test_unit.py::Test04_WithPackrat::testNestedAsDict
tests/test_unit.py::Test04_WithPackrat::testNestedExpressionDoesNotOverwriteParseActions
tests/test_unit.py::Test04_WithPackrat::testNestedExpressionRandom
tests/test_unit.py::Test04_WithPackrat::testNestedExpressions
tests/test_unit.py::Test04_WithPackrat::testNestedExpressions2
tests/test_unit.py::Test04_WithPackrat::testNestedExpressions3
tests/test_unit.py::Test04_WithPackrat::testNestedExpressions4
tests/test_unit.py::Test04_WithPackrat::testNumericExpressions
tests/test_unit.py::Test04_WithPackrat::testOneOf
tests/test_unit.py::Test04_WithPackrat::testOneOfKeywords
tests/test_unit.py::Test04_WithPackrat::testOneOfWithDuplicateSymbols
tests/test_unit.py::Test04_WithPackrat::testOneOfWithEmptyList
tests/test_unit.py::Test04_WithPackrat::testOneOfWithUnexpectedInput
tests/test_unit.py::Test04_WithPackrat::testOneOrMoreStop
tests/test_unit.py::Test04_WithPackrat::testOnlyOnce
tests/test_unit.py::Test04_WithPackrat::testOptionalBeyondEndOfString
tests/test_unit.py::Test04_WithPackrat::testOptionalEachTest1
tests/test_unit.py::Test04_WithPackrat::testOptionalEachTest2
tests/test_unit.py::Test04_WithPackrat::testOptionalEachTest3
tests/test_unit.py::Test04_WithPackrat::testOptionalEachTest4
tests/test_unit.py::Test04_WithPackrat::testOptionalWithResultsNameAndNoMatch
tests/test_unit.py::Test04_WithPackrat::testOriginalTextFor
tests/test_unit.py::Test04_WithPackrat::testPackratParsingCacheCopy
tests/test_unit.py::Test04_WithPackrat::testPackratParsingCacheCopyTest2
tests/test_unit.py::Test04_WithPackrat::testParseActionIndexErrorException
tests/test_unit.py::Test04_WithPackrat::testParseActionNesting
tests/test_unit.py::Test04_WithPackrat::testParseActionRunsInNotAny
tests/test_unit.py::Test04_WithPackrat::testParseActionWithDelimitedList
tests/test_unit.py::Test04_WithPackrat::testParseAll
tests/test_unit.py::Test04_WithPackrat::testParseCommaSeparatedValues
tests/test_unit.py::Test04_WithPackrat::testParseConfigFile
tests/test_unit.py::Test04_WithPackrat::testParseEBNF
tests/test_unit.py::Test04_WithPackrat::testParseEBNFmissingDefinitions
tests/test_unit.py::Test04_WithPackrat::testParseExpressionResults
tests/test_unit.py::Test04_WithPackrat::testParseExpressionResultsAccumulate
tests/test_unit.py::Test04_WithPackrat::testParseExpressionsWithRegex
tests/test_unit.py::Test04_WithPackrat::testParseFatalException
tests/test_unit.py::Test04_WithPackrat::testParseFatalException2
tests/test_unit.py::Test04_WithPackrat::testParseFatalException3
tests/test_unit.py::Test04_WithPackrat::testParseFile
tests/test_unit.py::Test04_WithPackrat::testParseFourFn
tests/test_unit.py::Test04_WithPackrat::testParseHTMLTags
tests/test_unit.py::Test04_WithPackrat::testParseIDL
tests/test_unit.py::Test04_WithPackrat::testParseJSONData
tests/test_unit.py::Test04_WithPackrat::testParseKeyword
tests/test_unit.py::Test04_WithPackrat::testParseResultsAcceptingACollectionTypeValue
tests/test_unit.py::Test04_WithPackrat::testParseResultsAddingSuppressedTokenWithResultsName
tests/test_unit.py::Test04_WithPackrat::testParseResultsAppend
tests/test_unit.py::Test04_WithPackrat::testParseResultsBool
tests/test_unit.py::Test04_WithPackrat::testParseResultsClear
tests/test_unit.py::Test04_WithPackrat::testParseResultsCopy
tests/test_unit.py::Test04_WithPackrat::testParseResultsDeepcopy
tests/test_unit.py::Test04_WithPackrat::testParseResultsDeepcopy2
tests/test_unit.py::Test04_WithPackrat::testParseResultsDeepcopy3
tests/test_unit.py::Test04_WithPackrat::testParseResultsDel
tests/test_unit.py::Test04_WithPackrat::testParseResultsDir
tests/test_unit.py::Test04_WithPackrat::testParseResultsExtendWithParseResults
tests/test_unit.py::Test04_WithPackrat::testParseResultsExtendWithString
tests/test_unit.py::Test04_WithPackrat::testParseResultsFromDict
tests/test_unit.py::Test04_WithPackrat::testParseResultsInsert
tests/test_unit.py::Test04_WithPackrat::testParseResultsInsertWithResultsNames
tests/test_unit.py::Test04_WithPackrat::testParseResultsNameBelowUngroupedName
tests/test_unit.py::Test04_WithPackrat::testParseResultsNamedResultWithEmptyString
tests/test_unit.py::Test04_WithPackrat::testParseResultsNamesInGroupWithDict
tests/test_unit.py::Test04_WithPackrat::testParseResultsNewEdgeCases
tests/test_unit.py::Test04_WithPackrat::testParseResultsPickle
tests/test_unit.py::Test04_WithPackrat::testParseResultsPickle2
tests/test_unit.py::Test04_WithPackrat::testParseResultsPickle3
tests/test_unit.py::Test04_WithPackrat::testParseResultsReprWithResultsNames
tests/test_unit.py::Test04_WithPackrat::testParseResultsReturningDunderAttribute
tests/test_unit.py::Test04_WithPackrat::testParseResultsReversed
tests/test_unit.py::Test04_WithPackrat::testParseResultsStringListUsingCombine
tests/test_unit.py::Test04_WithPackrat::testParseResultsValues
tests/test_unit.py::Test04_WithPackrat::testParseResultsWithAsListWithAndWithoutFlattening
tests/test_unit.py::Test04_WithPackrat::testParseResultsWithNameMatchFirst
tests/test_unit.py::Test04_WithPackrat::testParseResultsWithNameOr
tests/test_unit.py::Test04_WithPackrat::testParseResultsWithNamedTuple
tests/test_unit.py::Test04_WithPackrat::testParseResultsWithNestedNames
tests/test_unit.py::Test04_WithPackrat::testParseSQL
tests/test_unit.py::Test04_WithPackrat::testParseUsingRegex
tests/test_unit.py::Test04_WithPackrat::testParseVerilog
tests/test_unit.py::Test04_WithPackrat::testParserElementAddOperatorWithOtherTypes
tests/test_unit.py::Test04_WithPackrat::testParserElementEachOperatorWithOtherTypes
tests/test_unit.py::Test04_WithPackrat::testParserElementMatchFirstOperatorWithOtherTypes
tests/test_unit.py::Test04_WithPackrat::testParserElementMatchLongestWithOtherTypes
tests/test_unit.py::Test04_WithPackrat::testParserElementMulByZero
tests/test_unit.py::Test04_WithPackrat::testParserElementMulOperatorWithOtherTypes
tests/test_unit.py::Test04_WithPackrat::testParserElementMulOperatorWithTuples
tests/test_unit.py::Test04_WithPackrat::testParserElementPassedStrToMultiplierShorthand
tests/test_unit.py::Test04_WithPackrat::testParserElementPassedThreeArgsToMultiplierShorthand
tests/test_unit.py::Test04_WithPackrat::testParserElementSubOperatorWithOtherTypes
tests/test_unit.py::Test04_WithPackrat::testPatientOr
tests/test_unit.py::Test04_WithPackrat::testPop
tests/test_unit.py::Test04_WithPackrat::testPopKwargsErr
tests/test_unit.py::Test04_WithPackrat::testPrecededBy
tests/test_unit.py::Test04_WithPackrat::testPythonQuotedStrings
tests/test_unit.py::Test04_WithPackrat::testQuotedStringEscapedExtendedChars
tests/test_unit.py::Test04_WithPackrat::testQuotedStringEscapedQuotes
tests/test_unit.py::Test04_WithPackrat::testQuotedStringLoc
tests/test_unit.py::Test04_WithPackrat::testQuotedStringUnquotesAndConvertWhitespaceEscapes
tests/test_unit.py::Test04_WithPackrat::testQuotedStrings
tests/test_unit.py::Test04_WithPackrat::testReCatastrophicBacktrackingInCommentParsers
tests/test_unit.py::Test04_WithPackrat::testReCatastrophicBacktrackingInQuotedStringParsers
tests/test_unit.py::Test04_WithPackrat::testReStringRange
tests/test_unit.py::Test04_WithPackrat::testRecursiveCombine
tests/test_unit.py::Test04_WithPackrat::testRegexAsType
tests/test_unit.py::Test04_WithPackrat::testRegexDeferredCompile
tests/test_unit.py::Test04_WithPackrat::testRegexDeferredCompileCommonHtmlEntity
tests/test_unit.py::Test04_WithPackrat::testRegexInvalidType
tests/test_unit.py::Test04_WithPackrat::testRegexLoopPastEndOfString
tests/test_unit.py::Test04_WithPackrat::testRegexSub
tests/test_unit.py::Test04_WithPackrat::testRepeatedTokensWhenPackratting
tests/test_unit.py::Test04_WithPackrat::testRepeater
tests/test_unit.py::Test04_WithPackrat::testRepeater2
tests/test_unit.py::Test04_WithPackrat::testRepeater3
tests/test_unit.py::Test04_WithPackrat::testRepeater4
tests/test_unit.py::Test04_WithPackrat::testRepeater5
tests/test_unit.py::Test04_WithPackrat::testRequiredEach
tests/test_unit.py::Test04_WithPackrat::testReturnOfFurthestException
tests/test_unit.py::Test04_WithPackrat::testRunTests
tests/test_unit.py::Test04_WithPackrat::testRunTestsPostParse
tests/test_unit.py::Test04_WithPackrat::testScanString
tests/test_unit.py::Test04_WithPackrat::testScanStringWithOverlap
tests/test_unit.py::Test04_WithPackrat::testSetBreak
tests/test_unit.py::Test04_WithPackrat::testSetDebugRecursively
tests/test_unit.py::Test04_WithPackrat::testSetDebugRecursivelyWithForward
tests/test_unit.py::Test04_WithPackrat::testSetName
tests/test_unit.py::Test04_WithPackrat::testSetNameToStrAndNone
tests/test_unit.py::Test04_WithPackrat::testSetParseActionUncallableErr
tests/test_unit.py::Test04_WithPackrat::testSetResultsNameWithOneOrMoreAndZeroOrMore
tests/test_unit.py::Test04_WithPackrat::testSingleArgException
tests/test_unit.py::Test04_WithPackrat::testSkipToIgnoreExpr2
tests/test_unit.py::Test04_WithPackrat::testSkipToParserTests
tests/test_unit.py::Test04_WithPackrat::testSkipToPreParseIgnoreExprs
tests/test_unit.py::Test04_WithPackrat::testStreamlineOfExpressionsAfterSetName
tests/test_unit.py::Test04_WithPackrat::testStreamlineOfSubexpressions
tests/test_unit.py::Test04_WithPackrat::testStringStart
tests/test_unit.py::Test04_WithPackrat::testStringStartAndLineStartInsideAnd
tests/test_unit.py::Test04_WithPackrat::testSumParseResults
tests/test_unit.py::Test04_WithPackrat::testTagElements
tests/test_unit.py::Test04_WithPackrat::testTokenMap
tests/test_unit.py::Test04_WithPackrat::testTraceParseActionDecorator
tests/test_unit.py::Test04_WithPackrat::testTraceParseActionDecorator_with_exception
tests/test_unit.py::Test04_WithPackrat::testTransformString
tests/test_unit.py::Test04_WithPackrat::testTransformStringWithExpectedLeadingWhitespace
tests/test_unit.py::Test04_WithPackrat::testTransformStringWithLeadingNotAny
tests/test_unit.py::Test04_WithPackrat::testTransformStringWithLeadingWhitespace
tests/test_unit.py::Test04_WithPackrat::testTransformStringWithLeadingWhitespaceFromTranslateProject
tests/test_unit.py::Test04_WithPackrat::testTrimArityExceptionMasking
tests/test_unit.py::Test04_WithPackrat::testTrimArityExceptionMaskingTest2
tests/test_unit.py::Test04_WithPackrat::testUndesirableButCommonPractices
tests/test_unit.py::Test04_WithPackrat::testUnicodeExpression
tests/test_unit.py::Test04_WithPackrat::testUnicodeSetNameEquivalence
tests/test_unit.py::Test04_WithPackrat::testUnicodeTests
tests/test_unit.py::Test04_WithPackrat::testUnicodeTests2
tests/test_unit.py::Test04_WithPackrat::testUpcaseDowncaseUnicode
tests/test_unit.py::Test04_WithPackrat::testUpdateDefaultWhitespace
tests/test_unit.py::Test04_WithPackrat::testUpdateDefaultWhitespace2
tests/test_unit.py::Test04_WithPackrat::testValidateCorrectlyDetectsInvalidLeftRecursion
tests/test_unit.py::Test04_WithPackrat::testVariableParseActionArgs
tests/test_unit.py::Test04_WithPackrat::testWarnIncorrectAssignmentToForward
tests/test_unit.py::Test04_WithPackrat::testWarnNameSetOnEmptyForward
tests/test_unit.py::Test04_WithPackrat::testWarnOnMultipleStringArgsToOneOf
tests/test_unit.py::Test04_WithPackrat::testWarnParsingEmptyForward
tests/test_unit.py::Test04_WithPackrat::testWarnUngroupedNamedTokens
tests/test_unit.py::Test04_WithPackrat::testWarnUsingLshiftForward
tests/test_unit.py::Test04_WithPackrat::testWithAttributeParseAction
tests/test_unit.py::Test04_WithPackrat::testWordBoundaryExpressions
tests/test_unit.py::Test04_WithPackrat::testWordBoundaryExpressions2
tests/test_unit.py::Test04_WithPackrat::testWordCopyWhenWordCharsIncludeSpace
tests/test_unit.py::Test04_WithPackrat::testWordCopyWhenWordCharsIncludeSpace2
tests/test_unit.py::Test04_WithPackrat::testWordCopyWhenWordCharsIncludeSpace3
tests/test_unit.py::Test04_WithPackrat::testWordExact
tests/test_unit.py::Test04_WithPackrat::testWordExclude
tests/test_unit.py::Test04_WithPackrat::testWordExclude2
tests/test_unit.py::Test04_WithPackrat::testWordInternalReRangeWithConsecutiveChars
tests/test_unit.py::Test04_WithPackrat::testWordInternalReRanges
tests/test_unit.py::Test04_WithPackrat::testWordInternalReRangesKnownSet
tests/test_unit.py::Test04_WithPackrat::testWordMaxGreaterThanZeroAndAsKeyword1
tests/test_unit.py::Test04_WithPackrat::testWordMaxGreaterThanZeroAndAsKeyword2
tests/test_unit.py::Test04_WithPackrat::testWordMin
tests/test_unit.py::Test04_WithPackrat::testWordMinMaxArgs
tests/test_unit.py::Test04_WithPackrat::testWordMinMaxExactArgs
tests/test_unit.py::Test04_WithPackrat::testWordMinOfZero
tests/test_unit.py::Test04_WithPackrat::testWordParseImpl
tests/test_unit.py::Test04_WithPackrat::testWordWithIdentChars
tests/test_unit.py::Test04_WithPackrat::testZeroOrMoreStop
tests/test_unit.py::Test04_WithPackrat::test_exception_messages
tests/test_unit.py::Test04_WithPackrat::test_exception_messages_with_exception_subclass
tests/test_unit.py::Test04_WithPackrat::test_pep8_synonyms
tests/test_unit.py::Test05_EnableBoundedPackratParsing::runTest
tests/test_unit.py::Test06_WithBoundedPackrat::test000_assert_packrat_status
tests/test_unit.py::Test06_WithBoundedPackrat::testAddCondition
tests/test_unit.py::Test06_WithBoundedPackrat::testAssertParseAndCheckDict
tests/test_unit.py::Test06_WithBoundedPackrat::testAtLineStart
tests/test_unit.py::Test06_WithBoundedPackrat::testAutonameElements
tests/test_unit.py::Test06_WithBoundedPackrat::testCStyleCommentParser
tests/test_unit.py::Test06_WithBoundedPackrat::testCaselessKeywordVsKeywordCaseless
tests/test_unit.py::Test06_WithBoundedPackrat::testCaselessOneOf
tests/test_unit.py::Test06_WithBoundedPackrat::testChainedTernaryOperator
tests/test_unit.py::Test06_WithBoundedPackrat::testCharAsKeyword
tests/test_unit.py::Test06_WithBoundedPackrat::testCharRe
tests/test_unit.py::Test06_WithBoundedPackrat::testCharsNotIn
tests/test_unit.py::Test06_WithBoundedPackrat::testClearParseActions
tests/test_unit.py::Test06_WithBoundedPackrat::testCloseMatch
tests/test_unit.py::Test06_WithBoundedPackrat::testCloseMatchCaseless
tests/test_unit.py::Test06_WithBoundedPackrat::testCol
tests/test_unit.py::Test06_WithBoundedPackrat::testCombineSetName
tests/test_unit.py::Test06_WithBoundedPackrat::testCombineWithResultsNames
tests/test_unit.py::Test06_WithBoundedPackrat::testCommonExpressions
tests/test_unit.py::Test06_WithBoundedPackrat::testCommonUrl
tests/test_unit.py::Test06_WithBoundedPackrat::testCommonUrlExprs
tests/test_unit.py::Test06_WithBoundedPackrat::testCommonUrlParts
tests/test_unit.py::Test06_WithBoundedPackrat::testConvertToDateErr
tests/test_unit.py::Test06_WithBoundedPackrat::testConvertToDatetimeErr
tests/test_unit.py::Test06_WithBoundedPackrat::testCopyLiteralAttrs
tests/test_unit.py::Test06_WithBoundedPackrat::testCountedArray
tests/test_unit.py::Test06_WithBoundedPackrat::testCountedArrayTest2
tests/test_unit.py::Test06_WithBoundedPackrat::testCountedArrayTest3
tests/test_unit.py::Test06_WithBoundedPackrat::testCountedArrayTest4
tests/test_unit.py::Test06_WithBoundedPackrat::testCreateLiteralWithEmptyString
tests/test_unit.py::Test06_WithBoundedPackrat::testCuneiformTransformString
tests/test_unit.py::Test06_WithBoundedPackrat::testCustomQuotes
tests/test_unit.py::Test06_WithBoundedPackrat::testCustomQuotes2
tests/test_unit.py::Test06_WithBoundedPackrat::testDateTimeValidation
tests/test_unit.py::Test06_WithBoundedPackrat::testDefaultKeywordChars
tests/test_unit.py::Test06_WithBoundedPackrat::testDelimitedListMinMax
tests/test_unit.py::Test06_WithBoundedPackrat::testDelimitedListName
tests/test_unit.py::Test06_WithBoundedPackrat::testDelimitedListOfStrLiterals
tests/test_unit.py::Test06_WithBoundedPackrat::testDelimitedListParseActions1
tests/test_unit.py::Test06_WithBoundedPackrat::testDelimitedListParseActions2
tests/test_unit.py::Test06_WithBoundedPackrat::testDelimitedListParseActions3
tests/test_unit.py::Test06_WithBoundedPackrat::testDeprecatedNonPep8Names
tests/test_unit.py::Test06_WithBoundedPackrat::testDontWarnUngroupedNamedTokensIfWarningSuppressed
tests/test_unit.py::Test06_WithBoundedPackrat::testDoubleSlashCommentParser
tests/test_unit.py::Test06_WithBoundedPackrat::testEachWithMultipleMatch
tests/test_unit.py::Test06_WithBoundedPackrat::testEachWithOptionalWithResultsName
tests/test_unit.py::Test06_WithBoundedPackrat::testEachWithParseFatalException
tests/test_unit.py::Test06_WithBoundedPackrat::testEllipsisRepetition
tests/test_unit.py::Test06_WithBoundedPackrat::testEllipsisRepetitionWithResultsNames
tests/test_unit.py::Test06_WithBoundedPackrat::testEmptyDictDoesNotRaiseException
tests/test_unit.py::Test06_WithBoundedPackrat::testEmptyExpressionsAreHandledProperly
tests/test_unit.py::Test06_WithBoundedPackrat::testEnableDebugOnExpressionWithParseAction
tests/test_unit.py::Test06_WithBoundedPackrat::testEnableDebugOnNamedExpressions
tests/test_unit.py::Test06_WithBoundedPackrat::testEnableDebugWithCachedExpressionsMarkedWithAsterisk
tests/test_unit.py::Test06_WithBoundedPackrat::testEnableWarnDiags
tests/test_unit.py::Test06_WithBoundedPackrat::testExceptionExplainVariations
tests/test_unit.py::Test06_WithBoundedPackrat::testExceptionMessageCustomization
tests/test_unit.py::Test06_WithBoundedPackrat::testExplainException
tests/test_unit.py::Test06_WithBoundedPackrat::testExplainExceptionWithMemoizationCheck
tests/test_unit.py::Test06_WithBoundedPackrat::testExprSplitter
tests/test_unit.py::Test06_WithBoundedPackrat::testExpressionDefaultStrings
tests/test_unit.py::Test06_WithBoundedPackrat::testFollowedBy
tests/test_unit.py::Test06_WithBoundedPackrat::testForwardExceptionText
tests/test_unit.py::Test06_WithBoundedPackrat::testForwardExceptionText2
tests/test_unit.py::Test06_WithBoundedPackrat::testForwardReferenceException
tests/test_unit.py::Test06_WithBoundedPackrat::testForwardsDoProperStreamlining
tests/test_unit.py::Test06_WithBoundedPackrat::testGetNameBehavior
tests/test_unit.py::Test06_WithBoundedPackrat::testGoToColumn
tests/test_unit.py::Test06_WithBoundedPackrat::testGreedyQuotedStrings
tests/test_unit.py::Test06_WithBoundedPackrat::testHTMLEntities
tests/test_unit.py::Test06_WithBoundedPackrat::testHTMLStripper
tests/test_unit.py::Test06_WithBoundedPackrat::testHtmlCommentParser
tests/test_unit.py::Test06_WithBoundedPackrat::testIgnoreString
tests/test_unit.py::Test06_WithBoundedPackrat::testIndentedBlock
tests/test_unit.py::Test06_WithBoundedPackrat::testIndentedBlockClass
tests/test_unit.py::Test06_WithBoundedPackrat::testIndentedBlockClass2
tests/test_unit.py::Test06_WithBoundedPackrat::testIndentedBlockClassWithRecursion
tests/test_unit.py::Test06_WithBoundedPackrat::testIndentedBlockScan
tests/test_unit.py::Test06_WithBoundedPackrat::testIndentedBlockTest2
tests/test_unit.py::Test06_WithBoundedPackrat::testInfixNotationBasicArithEval
tests/test_unit.py::Test06_WithBoundedPackrat::testInfixNotationEvalBoolExprUsingAstClasses
tests/test_unit.py::Test06_WithBoundedPackrat::testInfixNotationExceptions
tests/test_unit.py::Test06_WithBoundedPackrat::testInfixNotationGrammarTest5
tests/test_unit.py::Test06_WithBoundedPackrat::testInfixNotationMinimalParseActionCalls
tests/test_unit.py::Test06_WithBoundedPackrat::testInfixNotationTernaryOperator
tests/test_unit.py::Test06_WithBoundedPackrat::testInfixNotationWithAlternateParenSymbols
tests/test_unit.py::Test06_WithBoundedPackrat::testInfixNotationWithNonOperators
tests/test_unit.py::Test06_WithBoundedPackrat::testInfixNotationWithParseActions
tests/test_unit.py::Test06_WithBoundedPackrat::testInlineLiteralsUsing
tests/test_unit.py::Test06_WithBoundedPackrat::testInvalidDiagSetting
tests/test_unit.py::Test06_WithBoundedPackrat::testInvalidMinMaxArgs
tests/test_unit.py::Test06_WithBoundedPackrat::testKeywordCopyIdentChars
tests/test_unit.py::Test06_WithBoundedPackrat::testLineAndStringEnd
tests/test_unit.py::Test06_WithBoundedPackrat::testLineMethodSpecialCaseAtStart
tests/test_unit.py::Test06_WithBoundedPackrat::testLineStart
tests/test_unit.py::Test06_WithBoundedPackrat::testLineStart2
tests/test_unit.py::Test06_WithBoundedPackrat::testLineStartWithLeadingSpaces
tests/test_unit.py::Test06_WithBoundedPackrat::testLiteralException
tests/test_unit.py::Test06_WithBoundedPackrat::testLiteralVsKeyword
tests/test_unit.py::Test06_WithBoundedPackrat::testLocatedExpr
tests/test_unit.py::Test06_WithBoundedPackrat::testLocatedExprUsingLocated
tests/test_unit.py::Test06_WithBoundedPackrat::testLshiftOperatorWithOtherTypes
tests/test_unit.py::Test06_WithBoundedPackrat::testMakeXMLTags
tests/test_unit.py::Test06_WithBoundedPackrat::testMarkInputLine
tests/test_unit.py::Test06_WithBoundedPackrat::testMatchFirstIteratesOverAllChoices
tests/test_unit.py::Test06_WithBoundedPackrat::testMatchOnlyAtCol
tests/test_unit.py::Test06_WithBoundedPackrat::testMatchOnlyAtColErr
tests/test_unit.py::Test06_WithBoundedPackrat::testMiscellaneousExceptionBits
tests/test_unit.py::Test06_WithBoundedPackrat::testMulWithEllipsis
tests/test_unit.py::Test06_WithBoundedPackrat::testMulWithNegativeNumber
tests/test_unit.py::Test06_WithBoundedPackrat::testNestedAsDict
tests/test_unit.py::Test06_WithBoundedPackrat::testNestedExpressionDoesNotOverwriteParseActions
tests/test_unit.py::Test06_WithBoundedPackrat::testNestedExpressionRandom
tests/test_unit.py::Test06_WithBoundedPackrat::testNestedExpressions
tests/test_unit.py::Test06_WithBoundedPackrat::testNestedExpressions2
tests/test_unit.py::Test06_WithBoundedPackrat::testNestedExpressions3
tests/test_unit.py::Test06_WithBoundedPackrat::testNestedExpressions4
tests/test_unit.py::Test06_WithBoundedPackrat::testNumericExpressions
tests/test_unit.py::Test06_WithBoundedPackrat::testOneOf
tests/test_unit.py::Test06_WithBoundedPackrat::testOneOfKeywords
tests/test_unit.py::Test06_WithBoundedPackrat::testOneOfWithDuplicateSymbols
tests/test_unit.py::Test06_WithBoundedPackrat::testOneOfWithEmptyList
tests/test_unit.py::Test06_WithBoundedPackrat::testOneOfWithUnexpectedInput
tests/test_unit.py::Test06_WithBoundedPackrat::testOneOrMoreStop
tests/test_unit.py::Test06_WithBoundedPackrat::testOnlyOnce
tests/test_unit.py::Test06_WithBoundedPackrat::testOptionalBeyondEndOfString
tests/test_unit.py::Test06_WithBoundedPackrat::testOptionalEachTest1
tests/test_unit.py::Test06_WithBoundedPackrat::testOptionalEachTest2
tests/test_unit.py::Test06_WithBoundedPackrat::testOptionalEachTest3
tests/test_unit.py::Test06_WithBoundedPackrat::testOptionalEachTest4
tests/test_unit.py::Test06_WithBoundedPackrat::testOptionalWithResultsNameAndNoMatch
tests/test_unit.py::Test06_WithBoundedPackrat::testOriginalTextFor
tests/test_unit.py::Test06_WithBoundedPackrat::testPackratParsingCacheCopy
tests/test_unit.py::Test06_WithBoundedPackrat::testPackratParsingCacheCopyTest2
tests/test_unit.py::Test06_WithBoundedPackrat::testParseActionIndexErrorException
tests/test_unit.py::Test06_WithBoundedPackrat::testParseActionNesting
tests/test_unit.py::Test06_WithBoundedPackrat::testParseActionRunsInNotAny
tests/test_unit.py::Test06_WithBoundedPackrat::testParseActionWithDelimitedList
tests/test_unit.py::Test06_WithBoundedPackrat::testParseAll
tests/test_unit.py::Test06_WithBoundedPackrat::testParseCommaSeparatedValues
tests/test_unit.py::Test06_WithBoundedPackrat::testParseConfigFile
tests/test_unit.py::Test06_WithBoundedPackrat::testParseEBNF
tests/test_unit.py::Test06_WithBoundedPackrat::testParseEBNFmissingDefinitions
tests/test_unit.py::Test06_WithBoundedPackrat::testParseExpressionResults
tests/test_unit.py::Test06_WithBoundedPackrat::testParseExpressionResultsAccumulate
tests/test_unit.py::Test06_WithBoundedPackrat::testParseExpressionsWithRegex
tests/test_unit.py::Test06_WithBoundedPackrat::testParseFatalException
tests/test_unit.py::Test06_WithBoundedPackrat::testParseFatalException2
tests/test_unit.py::Test06_WithBoundedPackrat::testParseFatalException3
tests/test_unit.py::Test06_WithBoundedPackrat::testParseFile
tests/test_unit.py::Test06_WithBoundedPackrat::testParseFourFn
tests/test_unit.py::Test06_WithBoundedPackrat::testParseHTMLTags
tests/test_unit.py::Test06_WithBoundedPackrat::testParseIDL
tests/test_unit.py::Test06_WithBoundedPackrat::testParseJSONData
tests/test_unit.py::Test06_WithBoundedPackrat::testParseKeyword
tests/test_unit.py::Test06_WithBoundedPackrat::testParseResultsAcceptingACollectionTypeValue
tests/test_unit.py::Test06_WithBoundedPackrat::testParseResultsAddingSuppressedTokenWithResultsName
tests/test_unit.py::Test06_WithBoundedPackrat::testParseResultsAppend
tests/test_unit.py::Test06_WithBoundedPackrat::testParseResultsBool
tests/test_unit.py::Test06_WithBoundedPackrat::testParseResultsClear
tests/test_unit.py::Test06_WithBoundedPackrat::testParseResultsCopy
tests/test_unit.py::Test06_WithBoundedPackrat::testParseResultsDeepcopy
tests/test_unit.py::Test06_WithBoundedPackrat::testParseResultsDeepcopy2
tests/test_unit.py::Test06_WithBoundedPackrat::testParseResultsDeepcopy3
tests/test_unit.py::Test06_WithBoundedPackrat::testParseResultsDel
tests/test_unit.py::Test06_WithBoundedPackrat::testParseResultsDir
tests/test_unit.py::Test06_WithBoundedPackrat::testParseResultsExtendWithParseResults
tests/test_unit.py::Test06_WithBoundedPackrat::testParseResultsExtendWithString
tests/test_unit.py::Test06_WithBoundedPackrat::testParseResultsFromDict
tests/test_unit.py::Test06_WithBoundedPackrat::testParseResultsInsert
tests/test_unit.py::Test06_WithBoundedPackrat::testParseResultsInsertWithResultsNames
tests/test_unit.py::Test06_WithBoundedPackrat::testParseResultsNameBelowUngroupedName
tests/test_unit.py::Test06_WithBoundedPackrat::testParseResultsNamedResultWithEmptyString
tests/test_unit.py::Test06_WithBoundedPackrat::testParseResultsNamesInGroupWithDict
tests/test_unit.py::Test06_WithBoundedPackrat::testParseResultsNewEdgeCases
tests/test_unit.py::Test06_WithBoundedPackrat::testParseResultsPickle
tests/test_unit.py::Test06_WithBoundedPackrat::testParseResultsPickle2
tests/test_unit.py::Test06_WithBoundedPackrat::testParseResultsPickle3
tests/test_unit.py::Test06_WithBoundedPackrat::testParseResultsReprWithResultsNames
tests/test_unit.py::Test06_WithBoundedPackrat::testParseResultsReturningDunderAttribute
tests/test_unit.py::Test06_WithBoundedPackrat::testParseResultsReversed
tests/test_unit.py::Test06_WithBoundedPackrat::testParseResultsStringListUsingCombine
tests/test_unit.py::Test06_WithBoundedPackrat::testParseResultsValues
tests/test_unit.py::Test06_WithBoundedPackrat::testParseResultsWithAsListWithAndWithoutFlattening
tests/test_unit.py::Test06_WithBoundedPackrat::testParseResultsWithNameMatchFirst
tests/test_unit.py::Test06_WithBoundedPackrat::testParseResultsWithNameOr
tests/test_unit.py::Test06_WithBoundedPackrat::testParseResultsWithNamedTuple
tests/test_unit.py::Test06_WithBoundedPackrat::testParseResultsWithNestedNames
tests/test_unit.py::Test06_WithBoundedPackrat::testParseSQL
tests/test_unit.py::Test06_WithBoundedPackrat::testParseUsingRegex
tests/test_unit.py::Test06_WithBoundedPackrat::testParseVerilog
tests/test_unit.py::Test06_WithBoundedPackrat::testParserElementAddOperatorWithOtherTypes
tests/test_unit.py::Test06_WithBoundedPackrat::testParserElementEachOperatorWithOtherTypes
tests/test_unit.py::Test06_WithBoundedPackrat::testParserElementMatchFirstOperatorWithOtherTypes
tests/test_unit.py::Test06_WithBoundedPackrat::testParserElementMatchLongestWithOtherTypes
tests/test_unit.py::Test06_WithBoundedPackrat::testParserElementMulByZero
tests/test_unit.py::Test06_WithBoundedPackrat::testParserElementMulOperatorWithOtherTypes
tests/test_unit.py::Test06_WithBoundedPackrat::testParserElementMulOperatorWithTuples
tests/test_unit.py::Test06_WithBoundedPackrat::testParserElementPassedStrToMultiplierShorthand
tests/test_unit.py::Test06_WithBoundedPackrat::testParserElementPassedThreeArgsToMultiplierShorthand
tests/test_unit.py::Test06_WithBoundedPackrat::testParserElementSubOperatorWithOtherTypes
tests/test_unit.py::Test06_WithBoundedPackrat::testPatientOr
tests/test_unit.py::Test06_WithBoundedPackrat::testPop
tests/test_unit.py::Test06_WithBoundedPackrat::testPopKwargsErr
tests/test_unit.py::Test06_WithBoundedPackrat::testPrecededBy
tests/test_unit.py::Test06_WithBoundedPackrat::testPythonQuotedStrings
tests/test_unit.py::Test06_WithBoundedPackrat::testQuotedStringEscapedExtendedChars
tests/test_unit.py::Test06_WithBoundedPackrat::testQuotedStringEscapedQuotes
tests/test_unit.py::Test06_WithBoundedPackrat::testQuotedStringLoc
tests/test_unit.py::Test06_WithBoundedPackrat::testQuotedStringUnquotesAndConvertWhitespaceEscapes
tests/test_unit.py::Test06_WithBoundedPackrat::testQuotedStrings
tests/test_unit.py::Test06_WithBoundedPackrat::testReCatastrophicBacktrackingInCommentParsers
tests/test_unit.py::Test06_WithBoundedPackrat::testReCatastrophicBacktrackingInQuotedStringParsers
tests/test_unit.py::Test06_WithBoundedPackrat::testReStringRange
tests/test_unit.py::Test06_WithBoundedPackrat::testRecursiveCombine
tests/test_unit.py::Test06_WithBoundedPackrat::testRegexAsType
tests/test_unit.py::Test06_WithBoundedPackrat::testRegexDeferredCompile
tests/test_unit.py::Test06_WithBoundedPackrat::testRegexDeferredCompileCommonHtmlEntity
tests/test_unit.py::Test06_WithBoundedPackrat::testRegexInvalidType
tests/test_unit.py::Test06_WithBoundedPackrat::testRegexLoopPastEndOfString
tests/test_unit.py::Test06_WithBoundedPackrat::testRegexSub
tests/test_unit.py::Test06_WithBoundedPackrat::testRepeatedTokensWhenPackratting
tests/test_unit.py::Test06_WithBoundedPackrat::testRepeater
tests/test_unit.py::Test06_WithBoundedPackrat::testRepeater2
tests/test_unit.py::Test06_WithBoundedPackrat::testRepeater3
tests/test_unit.py::Test06_WithBoundedPackrat::testRepeater4
tests/test_unit.py::Test06_WithBoundedPackrat::testRepeater5
tests/test_unit.py::Test06_WithBoundedPackrat::testRequiredEach
tests/test_unit.py::Test06_WithBoundedPackrat::testReturnOfFurthestException
tests/test_unit.py::Test06_WithBoundedPackrat::testRunTests
tests/test_unit.py::Test06_WithBoundedPackrat::testRunTestsPostParse
tests/test_unit.py::Test06_WithBoundedPackrat::testScanString
tests/test_unit.py::Test06_WithBoundedPackrat::testScanStringWithOverlap
tests/test_unit.py::Test06_WithBoundedPackrat::testSetBreak
tests/test_unit.py::Test06_WithBoundedPackrat::testSetDebugRecursively
tests/test_unit.py::Test06_WithBoundedPackrat::testSetDebugRecursivelyWithForward
tests/test_unit.py::Test06_WithBoundedPackrat::testSetName
tests/test_unit.py::Test06_WithBoundedPackrat::testSetNameToStrAndNone
tests/test_unit.py::Test06_WithBoundedPackrat::testSetParseActionUncallableErr
tests/test_unit.py::Test06_WithBoundedPackrat::testSetResultsNameWithOneOrMoreAndZeroOrMore
tests/test_unit.py::Test06_WithBoundedPackrat::testSingleArgException
tests/test_unit.py::Test06_WithBoundedPackrat::testSkipToIgnoreExpr2
tests/test_unit.py::Test06_WithBoundedPackrat::testSkipToParserTests
tests/test_unit.py::Test06_WithBoundedPackrat::testSkipToPreParseIgnoreExprs
tests/test_unit.py::Test06_WithBoundedPackrat::testStreamlineOfExpressionsAfterSetName
tests/test_unit.py::Test06_WithBoundedPackrat::testStreamlineOfSubexpressions
tests/test_unit.py::Test06_WithBoundedPackrat::testStringStart
tests/test_unit.py::Test06_WithBoundedPackrat::testStringStartAndLineStartInsideAnd
tests/test_unit.py::Test06_WithBoundedPackrat::testSumParseResults
tests/test_unit.py::Test06_WithBoundedPackrat::testTagElements
tests/test_unit.py::Test06_WithBoundedPackrat::testTokenMap
tests/test_unit.py::Test06_WithBoundedPackrat::testTraceParseActionDecorator
tests/test_unit.py::Test06_WithBoundedPackrat::testTraceParseActionDecorator_with_exception
tests/test_unit.py::Test06_WithBoundedPackrat::testTransformString
tests/test_unit.py::Test06_WithBoundedPackrat::testTransformStringWithExpectedLeadingWhitespace
tests/test_unit.py::Test06_WithBoundedPackrat::testTransformStringWithLeadingNotAny
tests/test_unit.py::Test06_WithBoundedPackrat::testTransformStringWithLeadingWhitespace
tests/test_unit.py::Test06_WithBoundedPackrat::testTransformStringWithLeadingWhitespaceFromTranslateProject
tests/test_unit.py::Test06_WithBoundedPackrat::testTrimArityExceptionMasking
tests/test_unit.py::Test06_WithBoundedPackrat::testTrimArityExceptionMaskingTest2
tests/test_unit.py::Test06_WithBoundedPackrat::testUndesirableButCommonPractices
tests/test_unit.py::Test06_WithBoundedPackrat::testUnicodeExpression
tests/test_unit.py::Test06_WithBoundedPackrat::testUnicodeSetNameEquivalence
tests/test_unit.py::Test06_WithBoundedPackrat::testUnicodeTests
tests/test_unit.py::Test06_WithBoundedPackrat::testUnicodeTests2
tests/test_unit.py::Test06_WithBoundedPackrat::testUpcaseDowncaseUnicode
tests/test_unit.py::Test06_WithBoundedPackrat::testUpdateDefaultWhitespace
tests/test_unit.py::Test06_WithBoundedPackrat::testUpdateDefaultWhitespace2
tests/test_unit.py::Test06_WithBoundedPackrat::testValidateCorrectlyDetectsInvalidLeftRecursion
tests/test_unit.py::Test06_WithBoundedPackrat::testVariableParseActionArgs
tests/test_unit.py::Test06_WithBoundedPackrat::testWarnIncorrectAssignmentToForward
tests/test_unit.py::Test06_WithBoundedPackrat::testWarnNameSetOnEmptyForward
tests/test_unit.py::Test06_WithBoundedPackrat::testWarnOnMultipleStringArgsToOneOf
tests/test_unit.py::Test06_WithBoundedPackrat::testWarnParsingEmptyForward
tests/test_unit.py::Test06_WithBoundedPackrat::testWarnUngroupedNamedTokens
tests/test_unit.py::Test06_WithBoundedPackrat::testWarnUsingLshiftForward
tests/test_unit.py::Test06_WithBoundedPackrat::testWithAttributeParseAction
tests/test_unit.py::Test06_WithBoundedPackrat::testWordBoundaryExpressions
tests/test_unit.py::Test06_WithBoundedPackrat::testWordBoundaryExpressions2
tests/test_unit.py::Test06_WithBoundedPackrat::testWordCopyWhenWordCharsIncludeSpace
tests/test_unit.py::Test06_WithBoundedPackrat::testWordCopyWhenWordCharsIncludeSpace2
tests/test_unit.py::Test06_WithBoundedPackrat::testWordCopyWhenWordCharsIncludeSpace3
tests/test_unit.py::Test06_WithBoundedPackrat::testWordExact
tests/test_unit.py::Test06_WithBoundedPackrat::testWordExclude
tests/test_unit.py::Test06_WithBoundedPackrat::testWordExclude2
tests/test_unit.py::Test06_WithBoundedPackrat::testWordInternalReRangeWithConsecutiveChars
tests/test_unit.py::Test06_WithBoundedPackrat::testWordInternalReRanges
tests/test_unit.py::Test06_WithBoundedPackrat::testWordInternalReRangesKnownSet
tests/test_unit.py::Test06_WithBoundedPackrat::testWordMaxGreaterThanZeroAndAsKeyword1
tests/test_unit.py::Test06_WithBoundedPackrat::testWordMaxGreaterThanZeroAndAsKeyword2
tests/test_unit.py::Test06_WithBoundedPackrat::testWordMin
tests/test_unit.py::Test06_WithBoundedPackrat::testWordMinMaxArgs
tests/test_unit.py::Test06_WithBoundedPackrat::testWordMinMaxExactArgs
tests/test_unit.py::Test06_WithBoundedPackrat::testWordMinOfZero
tests/test_unit.py::Test06_WithBoundedPackrat::testWordParseImpl
tests/test_unit.py::Test06_WithBoundedPackrat::testWordWithIdentChars
tests/test_unit.py::Test06_WithBoundedPackrat::testZeroOrMoreStop
tests/test_unit.py::Test06_WithBoundedPackrat::test_exceeding_fifo_cache_size
tests/test_unit.py::Test06_WithBoundedPackrat::test_exception_messages
tests/test_unit.py::Test06_WithBoundedPackrat::test_exception_messages_with_exception_subclass
tests/test_unit.py::Test06_WithBoundedPackrat::test_pep8_synonyms
tests/test_unit.py::Test07_EnableUnboundedPackratParsing::runTest
tests/test_unit.py::Test08_WithUnboundedPackrat::test000_assert_packrat_status
tests/test_unit.py::Test08_WithUnboundedPackrat::testAddCondition
tests/test_unit.py::Test08_WithUnboundedPackrat::testAssertParseAndCheckDict
tests/test_unit.py::Test08_WithUnboundedPackrat::testAtLineStart
tests/test_unit.py::Test08_WithUnboundedPackrat::testAutonameElements
tests/test_unit.py::Test08_WithUnboundedPackrat::testCStyleCommentParser
tests/test_unit.py::Test08_WithUnboundedPackrat::testCaselessKeywordVsKeywordCaseless
tests/test_unit.py::Test08_WithUnboundedPackrat::testCaselessOneOf
tests/test_unit.py::Test08_WithUnboundedPackrat::testChainedTernaryOperator
tests/test_unit.py::Test08_WithUnboundedPackrat::testCharAsKeyword
tests/test_unit.py::Test08_WithUnboundedPackrat::testCharRe
tests/test_unit.py::Test08_WithUnboundedPackrat::testCharsNotIn
tests/test_unit.py::Test08_WithUnboundedPackrat::testClearParseActions
tests/test_unit.py::Test08_WithUnboundedPackrat::testCloseMatch
tests/test_unit.py::Test08_WithUnboundedPackrat::testCloseMatchCaseless
tests/test_unit.py::Test08_WithUnboundedPackrat::testCol
tests/test_unit.py::Test08_WithUnboundedPackrat::testCombineSetName
tests/test_unit.py::Test08_WithUnboundedPackrat::testCombineWithResultsNames
tests/test_unit.py::Test08_WithUnboundedPackrat::testCommonExpressions
tests/test_unit.py::Test08_WithUnboundedPackrat::testCommonUrl
tests/test_unit.py::Test08_WithUnboundedPackrat::testCommonUrlExprs
tests/test_unit.py::Test08_WithUnboundedPackrat::testCommonUrlParts
tests/test_unit.py::Test08_WithUnboundedPackrat::testConvertToDateErr
tests/test_unit.py::Test08_WithUnboundedPackrat::testConvertToDatetimeErr
tests/test_unit.py::Test08_WithUnboundedPackrat::testCopyLiteralAttrs
tests/test_unit.py::Test08_WithUnboundedPackrat::testCountedArray
tests/test_unit.py::Test08_WithUnboundedPackrat::testCountedArrayTest2
tests/test_unit.py::Test08_WithUnboundedPackrat::testCountedArrayTest3
tests/test_unit.py::Test08_WithUnboundedPackrat::testCountedArrayTest4
tests/test_unit.py::Test08_WithUnboundedPackrat::testCreateLiteralWithEmptyString
tests/test_unit.py::Test08_WithUnboundedPackrat::testCuneiformTransformString
tests/test_unit.py::Test08_WithUnboundedPackrat::testCustomQuotes
tests/test_unit.py::Test08_WithUnboundedPackrat::testCustomQuotes2
tests/test_unit.py::Test08_WithUnboundedPackrat::testDateTimeValidation
tests/test_unit.py::Test08_WithUnboundedPackrat::testDefaultKeywordChars
tests/test_unit.py::Test08_WithUnboundedPackrat::testDelimitedListMinMax
tests/test_unit.py::Test08_WithUnboundedPackrat::testDelimitedListName
tests/test_unit.py::Test08_WithUnboundedPackrat::testDelimitedListOfStrLiterals
tests/test_unit.py::Test08_WithUnboundedPackrat::testDelimitedListParseActions1
tests/test_unit.py::Test08_WithUnboundedPackrat::testDelimitedListParseActions2
tests/test_unit.py::Test08_WithUnboundedPackrat::testDelimitedListParseActions3
tests/test_unit.py::Test08_WithUnboundedPackrat::testDeprecatedNonPep8Names
tests/test_unit.py::Test08_WithUnboundedPackrat::testDontWarnUngroupedNamedTokensIfWarningSuppressed
tests/test_unit.py::Test08_WithUnboundedPackrat::testDoubleSlashCommentParser
tests/test_unit.py::Test08_WithUnboundedPackrat::testEachWithMultipleMatch
tests/test_unit.py::Test08_WithUnboundedPackrat::testEachWithOptionalWithResultsName
tests/test_unit.py::Test08_WithUnboundedPackrat::testEachWithParseFatalException
tests/test_unit.py::Test08_WithUnboundedPackrat::testEllipsisRepetition
tests/test_unit.py::Test08_WithUnboundedPackrat::testEllipsisRepetitionWithResultsNames
tests/test_unit.py::Test08_WithUnboundedPackrat::testEmptyDictDoesNotRaiseException
tests/test_unit.py::Test08_WithUnboundedPackrat::testEmptyExpressionsAreHandledProperly
tests/test_unit.py::Test08_WithUnboundedPackrat::testEnableDebugOnExpressionWithParseAction
tests/test_unit.py::Test08_WithUnboundedPackrat::testEnableDebugOnNamedExpressions
tests/test_unit.py::Test08_WithUnboundedPackrat::testEnableDebugWithCachedExpressionsMarkedWithAsterisk
tests/test_unit.py::Test08_WithUnboundedPackrat::testEnableWarnDiags
tests/test_unit.py::Test08_WithUnboundedPackrat::testExceptionExplainVariations
tests/test_unit.py::Test08_WithUnboundedPackrat::testExceptionMessageCustomization
tests/test_unit.py::Test08_WithUnboundedPackrat::testExplainException
tests/test_unit.py::Test08_WithUnboundedPackrat::testExplainExceptionWithMemoizationCheck
tests/test_unit.py::Test08_WithUnboundedPackrat::testExprSplitter
tests/test_unit.py::Test08_WithUnboundedPackrat::testExpressionDefaultStrings
tests/test_unit.py::Test08_WithUnboundedPackrat::testFollowedBy
tests/test_unit.py::Test08_WithUnboundedPackrat::testForwardExceptionText
tests/test_unit.py::Test08_WithUnboundedPackrat::testForwardExceptionText2
tests/test_unit.py::Test08_WithUnboundedPackrat::testForwardReferenceException
tests/test_unit.py::Test08_WithUnboundedPackrat::testForwardsDoProperStreamlining
tests/test_unit.py::Test08_WithUnboundedPackrat::testGetNameBehavior
tests/test_unit.py::Test08_WithUnboundedPackrat::testGoToColumn
tests/test_unit.py::Test08_WithUnboundedPackrat::testGreedyQuotedStrings
tests/test_unit.py::Test08_WithUnboundedPackrat::testHTMLEntities
tests/test_unit.py::Test08_WithUnboundedPackrat::testHTMLStripper
tests/test_unit.py::Test08_WithUnboundedPackrat::testHtmlCommentParser
tests/test_unit.py::Test08_WithUnboundedPackrat::testIgnoreString
tests/test_unit.py::Test08_WithUnboundedPackrat::testIndentedBlock
tests/test_unit.py::Test08_WithUnboundedPackrat::testIndentedBlockClass
tests/test_unit.py::Test08_WithUnboundedPackrat::testIndentedBlockClass2
tests/test_unit.py::Test08_WithUnboundedPackrat::testIndentedBlockClassWithRecursion
tests/test_unit.py::Test08_WithUnboundedPackrat::testIndentedBlockScan
tests/test_unit.py::Test08_WithUnboundedPackrat::testIndentedBlockTest2
tests/test_unit.py::Test08_WithUnboundedPackrat::testInfixNotationBasicArithEval
tests/test_unit.py::Test08_WithUnboundedPackrat::testInfixNotationEvalBoolExprUsingAstClasses
tests/test_unit.py::Test08_WithUnboundedPackrat::testInfixNotationExceptions
tests/test_unit.py::Test08_WithUnboundedPackrat::testInfixNotationGrammarTest5
tests/test_unit.py::Test08_WithUnboundedPackrat::testInfixNotationMinimalParseActionCalls
tests/test_unit.py::Test08_WithUnboundedPackrat::testInfixNotationTernaryOperator
tests/test_unit.py::Test08_WithUnboundedPackrat::testInfixNotationWithAlternateParenSymbols
tests/test_unit.py::Test08_WithUnboundedPackrat::testInfixNotationWithNonOperators
tests/test_unit.py::Test08_WithUnboundedPackrat::testInfixNotationWithParseActions
tests/test_unit.py::Test08_WithUnboundedPackrat::testInlineLiteralsUsing
tests/test_unit.py::Test08_WithUnboundedPackrat::testInvalidDiagSetting
tests/test_unit.py::Test08_WithUnboundedPackrat::testInvalidMinMaxArgs
tests/test_unit.py::Test08_WithUnboundedPackrat::testKeywordCopyIdentChars
tests/test_unit.py::Test08_WithUnboundedPackrat::testLineAndStringEnd
tests/test_unit.py::Test08_WithUnboundedPackrat::testLineMethodSpecialCaseAtStart
tests/test_unit.py::Test08_WithUnboundedPackrat::testLineStart
tests/test_unit.py::Test08_WithUnboundedPackrat::testLineStart2
tests/test_unit.py::Test08_WithUnboundedPackrat::testLineStartWithLeadingSpaces
tests/test_unit.py::Test08_WithUnboundedPackrat::testLiteralException
tests/test_unit.py::Test08_WithUnboundedPackrat::testLiteralVsKeyword
tests/test_unit.py::Test08_WithUnboundedPackrat::testLocatedExpr
tests/test_unit.py::Test08_WithUnboundedPackrat::testLocatedExprUsingLocated
tests/test_unit.py::Test08_WithUnboundedPackrat::testLshiftOperatorWithOtherTypes
tests/test_unit.py::Test08_WithUnboundedPackrat::testMakeXMLTags
tests/test_unit.py::Test08_WithUnboundedPackrat::testMarkInputLine
tests/test_unit.py::Test08_WithUnboundedPackrat::testMatchFirstIteratesOverAllChoices
tests/test_unit.py::Test08_WithUnboundedPackrat::testMatchOnlyAtCol
tests/test_unit.py::Test08_WithUnboundedPackrat::testMatchOnlyAtColErr
tests/test_unit.py::Test08_WithUnboundedPackrat::testMiscellaneousExceptionBits
tests/test_unit.py::Test08_WithUnboundedPackrat::testMulWithEllipsis
tests/test_unit.py::Test08_WithUnboundedPackrat::testMulWithNegativeNumber
tests/test_unit.py::Test08_WithUnboundedPackrat::testNestedAsDict
tests/test_unit.py::Test08_WithUnboundedPackrat::testNestedExpressionDoesNotOverwriteParseActions
tests/test_unit.py::Test08_WithUnboundedPackrat::testNestedExpressionRandom
tests/test_unit.py::Test08_WithUnboundedPackrat::testNestedExpressions
tests/test_unit.py::Test08_WithUnboundedPackrat::testNestedExpressions2
tests/test_unit.py::Test08_WithUnboundedPackrat::testNestedExpressions3
tests/test_unit.py::Test08_WithUnboundedPackrat::testNestedExpressions4
tests/test_unit.py::Test08_WithUnboundedPackrat::testNumericExpressions
tests/test_unit.py::Test08_WithUnboundedPackrat::testOneOf
tests/test_unit.py::Test08_WithUnboundedPackrat::testOneOfKeywords
tests/test_unit.py::Test08_WithUnboundedPackrat::testOneOfWithDuplicateSymbols
tests/test_unit.py::Test08_WithUnboundedPackrat::testOneOfWithEmptyList
tests/test_unit.py::Test08_WithUnboundedPackrat::testOneOfWithUnexpectedInput
tests/test_unit.py::Test08_WithUnboundedPackrat::testOneOrMoreStop
tests/test_unit.py::Test08_WithUnboundedPackrat::testOnlyOnce
tests/test_unit.py::Test08_WithUnboundedPackrat::testOptionalBeyondEndOfString
tests/test_unit.py::Test08_WithUnboundedPackrat::testOptionalEachTest1
tests/test_unit.py::Test08_WithUnboundedPackrat::testOptionalEachTest2
tests/test_unit.py::Test08_WithUnboundedPackrat::testOptionalEachTest3
tests/test_unit.py::Test08_WithUnboundedPackrat::testOptionalEachTest4
tests/test_unit.py::Test08_WithUnboundedPackrat::testOptionalWithResultsNameAndNoMatch
tests/test_unit.py::Test08_WithUnboundedPackrat::testOriginalTextFor
tests/test_unit.py::Test08_WithUnboundedPackrat::testPackratParsingCacheCopy
tests/test_unit.py::Test08_WithUnboundedPackrat::testPackratParsingCacheCopyTest2
tests/test_unit.py::Test08_WithUnboundedPackrat::testParseActionIndexErrorException
tests/test_unit.py::Test08_WithUnboundedPackrat::testParseActionNesting
tests/test_unit.py::Test08_WithUnboundedPackrat::testParseActionRunsInNotAny
tests/test_unit.py::Test08_WithUnboundedPackrat::testParseActionWithDelimitedList
tests/test_unit.py::Test08_WithUnboundedPackrat::testParseAll
tests/test_unit.py::Test08_WithUnboundedPackrat::testParseCommaSeparatedValues
tests/test_unit.py::Test08_WithUnboundedPackrat::testParseConfigFile
tests/test_unit.py::Test08_WithUnboundedPackrat::testParseEBNF
tests/test_unit.py::Test08_WithUnboundedPackrat::testParseEBNFmissingDefinitions
tests/test_unit.py::Test08_WithUnboundedPackrat::testParseExpressionResults
tests/test_unit.py::Test08_WithUnboundedPackrat::testParseExpressionResultsAccumulate
tests/test_unit.py::Test08_WithUnboundedPackrat::testParseExpressionsWithRegex
tests/test_unit.py::Test08_WithUnboundedPackrat::testParseFatalException
tests/test_unit.py::Test08_WithUnboundedPackrat::testParseFatalException2
tests/test_unit.py::Test08_WithUnboundedPackrat::testParseFatalException3
tests/test_unit.py::Test08_WithUnboundedPackrat::testParseFile
tests/test_unit.py::Test08_WithUnboundedPackrat::testParseFourFn
tests/test_unit.py::Test08_WithUnboundedPackrat::testParseHTMLTags
tests/test_unit.py::Test08_WithUnboundedPackrat::testParseIDL
tests/test_unit.py::Test08_WithUnboundedPackrat::testParseJSONData
tests/test_unit.py::Test08_WithUnboundedPackrat::testParseKeyword
tests/test_unit.py::Test08_WithUnboundedPackrat::testParseResultsAcceptingACollectionTypeValue
tests/test_unit.py::Test08_WithUnboundedPackrat::testParseResultsAddingSuppressedTokenWithResultsName
tests/test_unit.py::Test08_WithUnboundedPackrat::testParseResultsAppend
tests/test_unit.py::Test08_WithUnboundedPackrat::testParseResultsBool
tests/test_unit.py::Test08_WithUnboundedPackrat::testParseResultsClear
tests/test_unit.py::Test08_WithUnboundedPackrat::testParseResultsCopy
tests/test_unit.py::Test08_WithUnboundedPackrat::testParseResultsDeepcopy
tests/test_unit.py::Test08_WithUnboundedPackrat::testParseResultsDeepcopy2
tests/test_unit.py::Test08_WithUnboundedPackrat::testParseResultsDeepcopy3
tests/test_unit.py::Test08_WithUnboundedPackrat::testParseResultsDel
tests/test_unit.py::Test08_WithUnboundedPackrat::testParseResultsDir
tests/test_unit.py::Test08_WithUnboundedPackrat::testParseResultsExtendWithParseResults
tests/test_unit.py::Test08_WithUnboundedPackrat::testParseResultsExtendWithString
tests/test_unit.py::Test08_WithUnboundedPackrat::testParseResultsFromDict
tests/test_unit.py::Test08_WithUnboundedPackrat::testParseResultsInsert
tests/test_unit.py::Test08_WithUnboundedPackrat::testParseResultsInsertWithResultsNames
tests/test_unit.py::Test08_WithUnboundedPackrat::testParseResultsNameBelowUngroupedName
tests/test_unit.py::Test08_WithUnboundedPackrat::testParseResultsNamedResultWithEmptyString
tests/test_unit.py::Test08_WithUnboundedPackrat::testParseResultsNamesInGroupWithDict
tests/test_unit.py::Test08_WithUnboundedPackrat::testParseResultsNewEdgeCases
tests/test_unit.py::Test08_WithUnboundedPackrat::testParseResultsPickle
tests/test_unit.py::Test08_WithUnboundedPackrat::testParseResultsPickle2
tests/test_unit.py::Test08_WithUnboundedPackrat::testParseResultsPickle3
tests/test_unit.py::Test08_WithUnboundedPackrat::testParseResultsReprWithResultsNames
tests/test_unit.py::Test08_WithUnboundedPackrat::testParseResultsReturningDunderAttribute
tests/test_unit.py::Test08_WithUnboundedPackrat::testParseResultsReversed
tests/test_unit.py::Test08_WithUnboundedPackrat::testParseResultsStringListUsingCombine
tests/test_unit.py::Test08_WithUnboundedPackrat::testParseResultsValues
tests/test_unit.py::Test08_WithUnboundedPackrat::testParseResultsWithAsListWithAndWithoutFlattening
tests/test_unit.py::Test08_WithUnboundedPackrat::testParseResultsWithNameMatchFirst
tests/test_unit.py::Test08_WithUnboundedPackrat::testParseResultsWithNameOr
tests/test_unit.py::Test08_WithUnboundedPackrat::testParseResultsWithNamedTuple
tests/test_unit.py::Test08_WithUnboundedPackrat::testParseResultsWithNestedNames
tests/test_unit.py::Test08_WithUnboundedPackrat::testParseSQL
tests/test_unit.py::Test08_WithUnboundedPackrat::testParseUsingRegex
tests/test_unit.py::Test08_WithUnboundedPackrat::testParseVerilog
tests/test_unit.py::Test08_WithUnboundedPackrat::testParserElementAddOperatorWithOtherTypes
tests/test_unit.py::Test08_WithUnboundedPackrat::testParserElementEachOperatorWithOtherTypes
tests/test_unit.py::Test08_WithUnboundedPackrat::testParserElementMatchFirstOperatorWithOtherTypes
tests/test_unit.py::Test08_WithUnboundedPackrat::testParserElementMatchLongestWithOtherTypes
tests/test_unit.py::Test08_WithUnboundedPackrat::testParserElementMulByZero
tests/test_unit.py::Test08_WithUnboundedPackrat::testParserElementMulOperatorWithOtherTypes
tests/test_unit.py::Test08_WithUnboundedPackrat::testParserElementMulOperatorWithTuples
tests/test_unit.py::Test08_WithUnboundedPackrat::testParserElementPassedStrToMultiplierShorthand
tests/test_unit.py::Test08_WithUnboundedPackrat::testParserElementPassedThreeArgsToMultiplierShorthand
tests/test_unit.py::Test08_WithUnboundedPackrat::testParserElementSubOperatorWithOtherTypes
tests/test_unit.py::Test08_WithUnboundedPackrat::testPatientOr
tests/test_unit.py::Test08_WithUnboundedPackrat::testPop
tests/test_unit.py::Test08_WithUnboundedPackrat::testPopKwargsErr
tests/test_unit.py::Test08_WithUnboundedPackrat::testPrecededBy
tests/test_unit.py::Test08_WithUnboundedPackrat::testPythonQuotedStrings
tests/test_unit.py::Test08_WithUnboundedPackrat::testQuotedStringEscapedExtendedChars
tests/test_unit.py::Test08_WithUnboundedPackrat::testQuotedStringEscapedQuotes
tests/test_unit.py::Test08_WithUnboundedPackrat::testQuotedStringLoc
tests/test_unit.py::Test08_WithUnboundedPackrat::testQuotedStringUnquotesAndConvertWhitespaceEscapes
tests/test_unit.py::Test08_WithUnboundedPackrat::testQuotedStrings
tests/test_unit.py::Test08_WithUnboundedPackrat::testReCatastrophicBacktrackingInCommentParsers
tests/test_unit.py::Test08_WithUnboundedPackrat::testReCatastrophicBacktrackingInQuotedStringParsers
tests/test_unit.py::Test08_WithUnboundedPackrat::testReStringRange
tests/test_unit.py::Test08_WithUnboundedPackrat::testRecursiveCombine
tests/test_unit.py::Test08_WithUnboundedPackrat::testRegexAsType
tests/test_unit.py::Test08_WithUnboundedPackrat::testRegexDeferredCompile
tests/test_unit.py::Test08_WithUnboundedPackrat::testRegexDeferredCompileCommonHtmlEntity
tests/test_unit.py::Test08_WithUnboundedPackrat::testRegexInvalidType
tests/test_unit.py::Test08_WithUnboundedPackrat::testRegexLoopPastEndOfString
tests/test_unit.py::Test08_WithUnboundedPackrat::testRegexSub
tests/test_unit.py::Test08_WithUnboundedPackrat::testRepeatedTokensWhenPackratting
tests/test_unit.py::Test08_WithUnboundedPackrat::testRepeater
tests/test_unit.py::Test08_WithUnboundedPackrat::testRepeater2
tests/test_unit.py::Test08_WithUnboundedPackrat::testRepeater3
tests/test_unit.py::Test08_WithUnboundedPackrat::testRepeater4
tests/test_unit.py::Test08_WithUnboundedPackrat::testRepeater5
tests/test_unit.py::Test08_WithUnboundedPackrat::testRequiredEach
tests/test_unit.py::Test08_WithUnboundedPackrat::testReturnOfFurthestException
tests/test_unit.py::Test08_WithUnboundedPackrat::testRunTests
tests/test_unit.py::Test08_WithUnboundedPackrat::testRunTestsPostParse
tests/test_unit.py::Test08_WithUnboundedPackrat::testScanString
tests/test_unit.py::Test08_WithUnboundedPackrat::testScanStringWithOverlap
tests/test_unit.py::Test08_WithUnboundedPackrat::testSetBreak
tests/test_unit.py::Test08_WithUnboundedPackrat::testSetDebugRecursively
tests/test_unit.py::Test08_WithUnboundedPackrat::testSetDebugRecursivelyWithForward
tests/test_unit.py::Test08_WithUnboundedPackrat::testSetName
tests/test_unit.py::Test08_WithUnboundedPackrat::testSetNameToStrAndNone
tests/test_unit.py::Test08_WithUnboundedPackrat::testSetParseActionUncallableErr
tests/test_unit.py::Test08_WithUnboundedPackrat::testSetResultsNameWithOneOrMoreAndZeroOrMore
tests/test_unit.py::Test08_WithUnboundedPackrat::testSingleArgException
tests/test_unit.py::Test08_WithUnboundedPackrat::testSkipToIgnoreExpr2
tests/test_unit.py::Test08_WithUnboundedPackrat::testSkipToParserTests
tests/test_unit.py::Test08_WithUnboundedPackrat::testSkipToPreParseIgnoreExprs
tests/test_unit.py::Test08_WithUnboundedPackrat::testStreamlineOfExpressionsAfterSetName
tests/test_unit.py::Test08_WithUnboundedPackrat::testStreamlineOfSubexpressions
tests/test_unit.py::Test08_WithUnboundedPackrat::testStringStart
tests/test_unit.py::Test08_WithUnboundedPackrat::testStringStartAndLineStartInsideAnd
tests/test_unit.py::Test08_WithUnboundedPackrat::testSumParseResults
tests/test_unit.py::Test08_WithUnboundedPackrat::testTagElements
tests/test_unit.py::Test08_WithUnboundedPackrat::testTokenMap
tests/test_unit.py::Test08_WithUnboundedPackrat::testTraceParseActionDecorator
tests/test_unit.py::Test08_WithUnboundedPackrat::testTraceParseActionDecorator_with_exception
tests/test_unit.py::Test08_WithUnboundedPackrat::testTransformString
tests/test_unit.py::Test08_WithUnboundedPackrat::testTransformStringWithExpectedLeadingWhitespace
tests/test_unit.py::Test08_WithUnboundedPackrat::testTransformStringWithLeadingNotAny
tests/test_unit.py::Test08_WithUnboundedPackrat::testTransformStringWithLeadingWhitespace
tests/test_unit.py::Test08_WithUnboundedPackrat::testTransformStringWithLeadingWhitespaceFromTranslateProject
tests/test_unit.py::Test08_WithUnboundedPackrat::testTrimArityExceptionMasking
tests/test_unit.py::Test08_WithUnboundedPackrat::testTrimArityExceptionMaskingTest2
tests/test_unit.py::Test08_WithUnboundedPackrat::testUndesirableButCommonPractices
tests/test_unit.py::Test08_WithUnboundedPackrat::testUnicodeExpression
tests/test_unit.py::Test08_WithUnboundedPackrat::testUnicodeSetNameEquivalence
tests/test_unit.py::Test08_WithUnboundedPackrat::testUnicodeTests
tests/test_unit.py::Test08_WithUnboundedPackrat::testUnicodeTests2
tests/test_unit.py::Test08_WithUnboundedPackrat::testUpcaseDowncaseUnicode
tests/test_unit.py::Test08_WithUnboundedPackrat::testUpdateDefaultWhitespace
tests/test_unit.py::Test08_WithUnboundedPackrat::testUpdateDefaultWhitespace2
tests/test_unit.py::Test08_WithUnboundedPackrat::testValidateCorrectlyDetectsInvalidLeftRecursion
tests/test_unit.py::Test08_WithUnboundedPackrat::testVariableParseActionArgs
tests/test_unit.py::Test08_WithUnboundedPackrat::testWarnIncorrectAssignmentToForward
tests/test_unit.py::Test08_WithUnboundedPackrat::testWarnNameSetOnEmptyForward
tests/test_unit.py::Test08_WithUnboundedPackrat::testWarnOnMultipleStringArgsToOneOf
tests/test_unit.py::Test08_WithUnboundedPackrat::testWarnParsingEmptyForward
tests/test_unit.py::Test08_WithUnboundedPackrat::testWarnUngroupedNamedTokens
tests/test_unit.py::Test08_WithUnboundedPackrat::testWarnUsingLshiftForward
tests/test_unit.py::Test08_WithUnboundedPackrat::testWithAttributeParseAction
tests/test_unit.py::Test08_WithUnboundedPackrat::testWordBoundaryExpressions
tests/test_unit.py::Test08_WithUnboundedPackrat::testWordBoundaryExpressions2
tests/test_unit.py::Test08_WithUnboundedPackrat::testWordCopyWhenWordCharsIncludeSpace
tests/test_unit.py::Test08_WithUnboundedPackrat::testWordCopyWhenWordCharsIncludeSpace2
tests/test_unit.py::Test08_WithUnboundedPackrat::testWordCopyWhenWordCharsIncludeSpace3
tests/test_unit.py::Test08_WithUnboundedPackrat::testWordExact
tests/test_unit.py::Test08_WithUnboundedPackrat::testWordExclude
tests/test_unit.py::Test08_WithUnboundedPackrat::testWordExclude2
tests/test_unit.py::Test08_WithUnboundedPackrat::testWordInternalReRangeWithConsecutiveChars
tests/test_unit.py::Test08_WithUnboundedPackrat::testWordInternalReRanges
tests/test_unit.py::Test08_WithUnboundedPackrat::testWordInternalReRangesKnownSet
tests/test_unit.py::Test08_WithUnboundedPackrat::testWordMaxGreaterThanZeroAndAsKeyword1
tests/test_unit.py::Test08_WithUnboundedPackrat::testWordMaxGreaterThanZeroAndAsKeyword2
tests/test_unit.py::Test08_WithUnboundedPackrat::testWordMin
tests/test_unit.py::Test08_WithUnboundedPackrat::testWordMinMaxArgs
tests/test_unit.py::Test08_WithUnboundedPackrat::testWordMinMaxExactArgs
tests/test_unit.py::Test08_WithUnboundedPackrat::testWordMinOfZero
tests/test_unit.py::Test08_WithUnboundedPackrat::testWordParseImpl
tests/test_unit.py::Test08_WithUnboundedPackrat::testWordWithIdentChars
tests/test_unit.py::Test08_WithUnboundedPackrat::testZeroOrMoreStop
tests/test_unit.py::Test08_WithUnboundedPackrat::test_exception_messages
tests/test_unit.py::Test08_WithUnboundedPackrat::test_exception_messages_with_exception_subclass
tests/test_unit.py::Test08_WithUnboundedPackrat::test_pep8_synonyms
tests/test_unit.py::Test09_WithLeftRecursionParsing::test000_assert_packrat_status
tests/test_unit.py::Test09_WithLeftRecursionParsing::testAddCondition
tests/test_unit.py::Test09_WithLeftRecursionParsing::testAssertParseAndCheckDict
tests/test_unit.py::Test09_WithLeftRecursionParsing::testAtLineStart
tests/test_unit.py::Test09_WithLeftRecursionParsing::testAutonameElements
tests/test_unit.py::Test09_WithLeftRecursionParsing::testCStyleCommentParser
tests/test_unit.py::Test09_WithLeftRecursionParsing::testCaselessKeywordVsKeywordCaseless
tests/test_unit.py::Test09_WithLeftRecursionParsing::testCaselessOneOf
tests/test_unit.py::Test09_WithLeftRecursionParsing::testChainedTernaryOperator
tests/test_unit.py::Test09_WithLeftRecursionParsing::testCharAsKeyword
tests/test_unit.py::Test09_WithLeftRecursionParsing::testCharRe
tests/test_unit.py::Test09_WithLeftRecursionParsing::testCharsNotIn
tests/test_unit.py::Test09_WithLeftRecursionParsing::testClearParseActions
tests/test_unit.py::Test09_WithLeftRecursionParsing::testCloseMatch
tests/test_unit.py::Test09_WithLeftRecursionParsing::testCloseMatchCaseless
tests/test_unit.py::Test09_WithLeftRecursionParsing::testCol
tests/test_unit.py::Test09_WithLeftRecursionParsing::testCombineSetName
tests/test_unit.py::Test09_WithLeftRecursionParsing::testCombineWithResultsNames
tests/test_unit.py::Test09_WithLeftRecursionParsing::testCommonExpressions
tests/test_unit.py::Test09_WithLeftRecursionParsing::testCommonUrl
tests/test_unit.py::Test09_WithLeftRecursionParsing::testCommonUrlExprs
tests/test_unit.py::Test09_WithLeftRecursionParsing::testCommonUrlParts
tests/test_unit.py::Test09_WithLeftRecursionParsing::testConvertToDateErr
tests/test_unit.py::Test09_WithLeftRecursionParsing::testConvertToDatetimeErr
tests/test_unit.py::Test09_WithLeftRecursionParsing::testCopyLiteralAttrs
tests/test_unit.py::Test09_WithLeftRecursionParsing::testCountedArray
tests/test_unit.py::Test09_WithLeftRecursionParsing::testCountedArrayTest2
tests/test_unit.py::Test09_WithLeftRecursionParsing::testCountedArrayTest3
tests/test_unit.py::Test09_WithLeftRecursionParsing::testCountedArrayTest4
tests/test_unit.py::Test09_WithLeftRecursionParsing::testCreateLiteralWithEmptyString
tests/test_unit.py::Test09_WithLeftRecursionParsing::testCuneiformTransformString
tests/test_unit.py::Test09_WithLeftRecursionParsing::testCustomQuotes
tests/test_unit.py::Test09_WithLeftRecursionParsing::testCustomQuotes2
tests/test_unit.py::Test09_WithLeftRecursionParsing::testDateTimeValidation
tests/test_unit.py::Test09_WithLeftRecursionParsing::testDefaultKeywordChars
tests/test_unit.py::Test09_WithLeftRecursionParsing::testDelimitedListMinMax
tests/test_unit.py::Test09_WithLeftRecursionParsing::testDelimitedListName
tests/test_unit.py::Test09_WithLeftRecursionParsing::testDelimitedListOfStrLiterals
tests/test_unit.py::Test09_WithLeftRecursionParsing::testDelimitedListParseActions1
tests/test_unit.py::Test09_WithLeftRecursionParsing::testDelimitedListParseActions2
tests/test_unit.py::Test09_WithLeftRecursionParsing::testDelimitedListParseActions3
tests/test_unit.py::Test09_WithLeftRecursionParsing::testDeprecatedNonPep8Names
tests/test_unit.py::Test09_WithLeftRecursionParsing::testDontWarnUngroupedNamedTokensIfWarningSuppressed
tests/test_unit.py::Test09_WithLeftRecursionParsing::testDoubleSlashCommentParser
tests/test_unit.py::Test09_WithLeftRecursionParsing::testEachWithMultipleMatch
tests/test_unit.py::Test09_WithLeftRecursionParsing::testEachWithOptionalWithResultsName
tests/test_unit.py::Test09_WithLeftRecursionParsing::testEachWithParseFatalException
tests/test_unit.py::Test09_WithLeftRecursionParsing::testEllipsisRepetition
tests/test_unit.py::Test09_WithLeftRecursionParsing::testEllipsisRepetitionWithResultsNames
tests/test_unit.py::Test09_WithLeftRecursionParsing::testEmptyDictDoesNotRaiseException
tests/test_unit.py::Test09_WithLeftRecursionParsing::testEmptyExpressionsAreHandledProperly
tests/test_unit.py::Test09_WithLeftRecursionParsing::testEnableDebugOnExpressionWithParseAction
tests/test_unit.py::Test09_WithLeftRecursionParsing::testEnableDebugOnNamedExpressions
tests/test_unit.py::Test09_WithLeftRecursionParsing::testEnableDebugWithCachedExpressionsMarkedWithAsterisk
tests/test_unit.py::Test09_WithLeftRecursionParsing::testEnableWarnDiags
tests/test_unit.py::Test09_WithLeftRecursionParsing::testExceptionExplainVariations
tests/test_unit.py::Test09_WithLeftRecursionParsing::testExceptionMessageCustomization
tests/test_unit.py::Test09_WithLeftRecursionParsing::testExplainException
tests/test_unit.py::Test09_WithLeftRecursionParsing::testExplainExceptionWithMemoizationCheck
tests/test_unit.py::Test09_WithLeftRecursionParsing::testExprSplitter
tests/test_unit.py::Test09_WithLeftRecursionParsing::testExpressionDefaultStrings
tests/test_unit.py::Test09_WithLeftRecursionParsing::testFollowedBy
tests/test_unit.py::Test09_WithLeftRecursionParsing::testForwardExceptionText
tests/test_unit.py::Test09_WithLeftRecursionParsing::testForwardExceptionText2
tests/test_unit.py::Test09_WithLeftRecursionParsing::testForwardReferenceException
tests/test_unit.py::Test09_WithLeftRecursionParsing::testForwardsDoProperStreamlining
tests/test_unit.py::Test09_WithLeftRecursionParsing::testGetNameBehavior
tests/test_unit.py::Test09_WithLeftRecursionParsing::testGoToColumn
tests/test_unit.py::Test09_WithLeftRecursionParsing::testGreedyQuotedStrings
tests/test_unit.py::Test09_WithLeftRecursionParsing::testHTMLEntities
tests/test_unit.py::Test09_WithLeftRecursionParsing::testHTMLStripper
tests/test_unit.py::Test09_WithLeftRecursionParsing::testHtmlCommentParser
tests/test_unit.py::Test09_WithLeftRecursionParsing::testIgnoreString
tests/test_unit.py::Test09_WithLeftRecursionParsing::testIndentedBlock
tests/test_unit.py::Test09_WithLeftRecursionParsing::testIndentedBlockClass
tests/test_unit.py::Test09_WithLeftRecursionParsing::testIndentedBlockClass2
tests/test_unit.py::Test09_WithLeftRecursionParsing::testIndentedBlockClassWithRecursion
tests/test_unit.py::Test09_WithLeftRecursionParsing::testIndentedBlockScan
tests/test_unit.py::Test09_WithLeftRecursionParsing::testIndentedBlockTest2
tests/test_unit.py::Test09_WithLeftRecursionParsing::testInfixNotationBasicArithEval
tests/test_unit.py::Test09_WithLeftRecursionParsing::testInfixNotationEvalBoolExprUsingAstClasses
tests/test_unit.py::Test09_WithLeftRecursionParsing::testInfixNotationExceptions
tests/test_unit.py::Test09_WithLeftRecursionParsing::testInfixNotationGrammarTest5
tests/test_unit.py::Test09_WithLeftRecursionParsing::testInfixNotationMinimalParseActionCalls
tests/test_unit.py::Test09_WithLeftRecursionParsing::testInfixNotationTernaryOperator
tests/test_unit.py::Test09_WithLeftRecursionParsing::testInfixNotationWithAlternateParenSymbols
tests/test_unit.py::Test09_WithLeftRecursionParsing::testInfixNotationWithNonOperators
tests/test_unit.py::Test09_WithLeftRecursionParsing::testInfixNotationWithParseActions
tests/test_unit.py::Test09_WithLeftRecursionParsing::testInlineLiteralsUsing
tests/test_unit.py::Test09_WithLeftRecursionParsing::testInvalidDiagSetting
tests/test_unit.py::Test09_WithLeftRecursionParsing::testInvalidMinMaxArgs
tests/test_unit.py::Test09_WithLeftRecursionParsing::testKeywordCopyIdentChars
tests/test_unit.py::Test09_WithLeftRecursionParsing::testLineAndStringEnd
tests/test_unit.py::Test09_WithLeftRecursionParsing::testLineMethodSpecialCaseAtStart
tests/test_unit.py::Test09_WithLeftRecursionParsing::testLineStart
tests/test_unit.py::Test09_WithLeftRecursionParsing::testLineStart2
tests/test_unit.py::Test09_WithLeftRecursionParsing::testLineStartWithLeadingSpaces
tests/test_unit.py::Test09_WithLeftRecursionParsing::testLiteralException
tests/test_unit.py::Test09_WithLeftRecursionParsing::testLiteralVsKeyword
tests/test_unit.py::Test09_WithLeftRecursionParsing::testLocatedExpr
tests/test_unit.py::Test09_WithLeftRecursionParsing::testLocatedExprUsingLocated
tests/test_unit.py::Test09_WithLeftRecursionParsing::testLshiftOperatorWithOtherTypes
tests/test_unit.py::Test09_WithLeftRecursionParsing::testMakeXMLTags
tests/test_unit.py::Test09_WithLeftRecursionParsing::testMarkInputLine
tests/test_unit.py::Test09_WithLeftRecursionParsing::testMatchFirstIteratesOverAllChoices
tests/test_unit.py::Test09_WithLeftRecursionParsing::testMatchOnlyAtCol
tests/test_unit.py::Test09_WithLeftRecursionParsing::testMatchOnlyAtColErr
tests/test_unit.py::Test09_WithLeftRecursionParsing::testMiscellaneousExceptionBits
tests/test_unit.py::Test09_WithLeftRecursionParsing::testMulWithEllipsis
tests/test_unit.py::Test09_WithLeftRecursionParsing::testMulWithNegativeNumber
tests/test_unit.py::Test09_WithLeftRecursionParsing::testNestedAsDict
tests/test_unit.py::Test09_WithLeftRecursionParsing::testNestedExpressionDoesNotOverwriteParseActions
tests/test_unit.py::Test09_WithLeftRecursionParsing::testNestedExpressionRandom
tests/test_unit.py::Test09_WithLeftRecursionParsing::testNestedExpressions
tests/test_unit.py::Test09_WithLeftRecursionParsing::testNestedExpressions2
tests/test_unit.py::Test09_WithLeftRecursionParsing::testNestedExpressions3
tests/test_unit.py::Test09_WithLeftRecursionParsing::testNestedExpressions4
tests/test_unit.py::Test09_WithLeftRecursionParsing::testNumericExpressions
tests/test_unit.py::Test09_WithLeftRecursionParsing::testOneOf
tests/test_unit.py::Test09_WithLeftRecursionParsing::testOneOfKeywords
tests/test_unit.py::Test09_WithLeftRecursionParsing::testOneOfWithDuplicateSymbols
tests/test_unit.py::Test09_WithLeftRecursionParsing::testOneOfWithEmptyList
tests/test_unit.py::Test09_WithLeftRecursionParsing::testOneOfWithUnexpectedInput
tests/test_unit.py::Test09_WithLeftRecursionParsing::testOneOrMoreStop
tests/test_unit.py::Test09_WithLeftRecursionParsing::testOnlyOnce
tests/test_unit.py::Test09_WithLeftRecursionParsing::testOptionalBeyondEndOfString
tests/test_unit.py::Test09_WithLeftRecursionParsing::testOptionalEachTest1
tests/test_unit.py::Test09_WithLeftRecursionParsing::testOptionalEachTest2
tests/test_unit.py::Test09_WithLeftRecursionParsing::testOptionalEachTest3
tests/test_unit.py::Test09_WithLeftRecursionParsing::testOptionalEachTest4
tests/test_unit.py::Test09_WithLeftRecursionParsing::testOptionalWithResultsNameAndNoMatch
tests/test_unit.py::Test09_WithLeftRecursionParsing::testOriginalTextFor
tests/test_unit.py::Test09_WithLeftRecursionParsing::testPackratParsingCacheCopy
tests/test_unit.py::Test09_WithLeftRecursionParsing::testPackratParsingCacheCopyTest2
tests/test_unit.py::Test09_WithLeftRecursionParsing::testParseActionIndexErrorException
tests/test_unit.py::Test09_WithLeftRecursionParsing::testParseActionNesting
tests/test_unit.py::Test09_WithLeftRecursionParsing::testParseActionRunsInNotAny
tests/test_unit.py::Test09_WithLeftRecursionParsing::testParseActionWithDelimitedList
tests/test_unit.py::Test09_WithLeftRecursionParsing::testParseAll
tests/test_unit.py::Test09_WithLeftRecursionParsing::testParseCommaSeparatedValues
tests/test_unit.py::Test09_WithLeftRecursionParsing::testParseConfigFile
tests/test_unit.py::Test09_WithLeftRecursionParsing::testParseEBNF
tests/test_unit.py::Test09_WithLeftRecursionParsing::testParseEBNFmissingDefinitions
tests/test_unit.py::Test09_WithLeftRecursionParsing::testParseExpressionResults
tests/test_unit.py::Test09_WithLeftRecursionParsing::testParseExpressionResultsAccumulate
tests/test_unit.py::Test09_WithLeftRecursionParsing::testParseExpressionsWithRegex
tests/test_unit.py::Test09_WithLeftRecursionParsing::testParseFatalException
tests/test_unit.py::Test09_WithLeftRecursionParsing::testParseFatalException2
tests/test_unit.py::Test09_WithLeftRecursionParsing::testParseFatalException3
tests/test_unit.py::Test09_WithLeftRecursionParsing::testParseFile
tests/test_unit.py::Test09_WithLeftRecursionParsing::testParseFourFn
tests/test_unit.py::Test09_WithLeftRecursionParsing::testParseHTMLTags
tests/test_unit.py::Test09_WithLeftRecursionParsing::testParseIDL
tests/test_unit.py::Test09_WithLeftRecursionParsing::testParseJSONData
tests/test_unit.py::Test09_WithLeftRecursionParsing::testParseKeyword
tests/test_unit.py::Test09_WithLeftRecursionParsing::testParseResultsAcceptingACollectionTypeValue
tests/test_unit.py::Test09_WithLeftRecursionParsing::testParseResultsAddingSuppressedTokenWithResultsName
tests/test_unit.py::Test09_WithLeftRecursionParsing::testParseResultsAppend
tests/test_unit.py::Test09_WithLeftRecursionParsing::testParseResultsBool
tests/test_unit.py::Test09_WithLeftRecursionParsing::testParseResultsClear
tests/test_unit.py::Test09_WithLeftRecursionParsing::testParseResultsCopy
tests/test_unit.py::Test09_WithLeftRecursionParsing::testParseResultsDeepcopy
tests/test_unit.py::Test09_WithLeftRecursionParsing::testParseResultsDeepcopy2
tests/test_unit.py::Test09_WithLeftRecursionParsing::testParseResultsDeepcopy3
tests/test_unit.py::Test09_WithLeftRecursionParsing::testParseResultsDel
tests/test_unit.py::Test09_WithLeftRecursionParsing::testParseResultsDir
tests/test_unit.py::Test09_WithLeftRecursionParsing::testParseResultsExtendWithParseResults
tests/test_unit.py::Test09_WithLeftRecursionParsing::testParseResultsExtendWithString
tests/test_unit.py::Test09_WithLeftRecursionParsing::testParseResultsFromDict
tests/test_unit.py::Test09_WithLeftRecursionParsing::testParseResultsInsert
tests/test_unit.py::Test09_WithLeftRecursionParsing::testParseResultsInsertWithResultsNames
tests/test_unit.py::Test09_WithLeftRecursionParsing::testParseResultsNameBelowUngroupedName
tests/test_unit.py::Test09_WithLeftRecursionParsing::testParseResultsNamedResultWithEmptyString
tests/test_unit.py::Test09_WithLeftRecursionParsing::testParseResultsNamesInGroupWithDict
tests/test_unit.py::Test09_WithLeftRecursionParsing::testParseResultsNewEdgeCases
tests/test_unit.py::Test09_WithLeftRecursionParsing::testParseResultsPickle
tests/test_unit.py::Test09_WithLeftRecursionParsing::testParseResultsPickle2
tests/test_unit.py::Test09_WithLeftRecursionParsing::testParseResultsPickle3
tests/test_unit.py::Test09_WithLeftRecursionParsing::testParseResultsReprWithResultsNames
tests/test_unit.py::Test09_WithLeftRecursionParsing::testParseResultsReturningDunderAttribute
tests/test_unit.py::Test09_WithLeftRecursionParsing::testParseResultsReversed
tests/test_unit.py::Test09_WithLeftRecursionParsing::testParseResultsStringListUsingCombine
tests/test_unit.py::Test09_WithLeftRecursionParsing::testParseResultsValues
tests/test_unit.py::Test09_WithLeftRecursionParsing::testParseResultsWithAsListWithAndWithoutFlattening
tests/test_unit.py::Test09_WithLeftRecursionParsing::testParseResultsWithNameMatchFirst
tests/test_unit.py::Test09_WithLeftRecursionParsing::testParseResultsWithNameOr
tests/test_unit.py::Test09_WithLeftRecursionParsing::testParseResultsWithNamedTuple
tests/test_unit.py::Test09_WithLeftRecursionParsing::testParseResultsWithNestedNames
tests/test_unit.py::Test09_WithLeftRecursionParsing::testParseSQL
tests/test_unit.py::Test09_WithLeftRecursionParsing::testParseUsingRegex
tests/test_unit.py::Test09_WithLeftRecursionParsing::testParseVerilog
tests/test_unit.py::Test09_WithLeftRecursionParsing::testParserElementAddOperatorWithOtherTypes
tests/test_unit.py::Test09_WithLeftRecursionParsing::testParserElementEachOperatorWithOtherTypes
tests/test_unit.py::Test09_WithLeftRecursionParsing::testParserElementMatchFirstOperatorWithOtherTypes
tests/test_unit.py::Test09_WithLeftRecursionParsing::testParserElementMatchLongestWithOtherTypes
tests/test_unit.py::Test09_WithLeftRecursionParsing::testParserElementMulByZero
tests/test_unit.py::Test09_WithLeftRecursionParsing::testParserElementMulOperatorWithOtherTypes
tests/test_unit.py::Test09_WithLeftRecursionParsing::testParserElementMulOperatorWithTuples
tests/test_unit.py::Test09_WithLeftRecursionParsing::testParserElementPassedStrToMultiplierShorthand
tests/test_unit.py::Test09_WithLeftRecursionParsing::testParserElementPassedThreeArgsToMultiplierShorthand
tests/test_unit.py::Test09_WithLeftRecursionParsing::testParserElementSubOperatorWithOtherTypes
tests/test_unit.py::Test09_WithLeftRecursionParsing::testPatientOr
tests/test_unit.py::Test09_WithLeftRecursionParsing::testPop
tests/test_unit.py::Test09_WithLeftRecursionParsing::testPopKwargsErr
tests/test_unit.py::Test09_WithLeftRecursionParsing::testPrecededBy
tests/test_unit.py::Test09_WithLeftRecursionParsing::testPythonQuotedStrings
tests/test_unit.py::Test09_WithLeftRecursionParsing::testQuotedStringEscapedExtendedChars
tests/test_unit.py::Test09_WithLeftRecursionParsing::testQuotedStringEscapedQuotes
tests/test_unit.py::Test09_WithLeftRecursionParsing::testQuotedStringLoc
tests/test_unit.py::Test09_WithLeftRecursionParsing::testQuotedStringUnquotesAndConvertWhitespaceEscapes
tests/test_unit.py::Test09_WithLeftRecursionParsing::testQuotedStrings
tests/test_unit.py::Test09_WithLeftRecursionParsing::testReCatastrophicBacktrackingInCommentParsers
tests/test_unit.py::Test09_WithLeftRecursionParsing::testReCatastrophicBacktrackingInQuotedStringParsers
tests/test_unit.py::Test09_WithLeftRecursionParsing::testReStringRange
tests/test_unit.py::Test09_WithLeftRecursionParsing::testRecursiveCombine
tests/test_unit.py::Test09_WithLeftRecursionParsing::testRegexAsType
tests/test_unit.py::Test09_WithLeftRecursionParsing::testRegexDeferredCompile
tests/test_unit.py::Test09_WithLeftRecursionParsing::testRegexDeferredCompileCommonHtmlEntity
tests/test_unit.py::Test09_WithLeftRecursionParsing::testRegexInvalidType
tests/test_unit.py::Test09_WithLeftRecursionParsing::testRegexLoopPastEndOfString
tests/test_unit.py::Test09_WithLeftRecursionParsing::testRegexSub
tests/test_unit.py::Test09_WithLeftRecursionParsing::testRepeatedTokensWhenPackratting
tests/test_unit.py::Test09_WithLeftRecursionParsing::testRepeater
tests/test_unit.py::Test09_WithLeftRecursionParsing::testRepeater2
tests/test_unit.py::Test09_WithLeftRecursionParsing::testRepeater3
tests/test_unit.py::Test09_WithLeftRecursionParsing::testRepeater4
tests/test_unit.py::Test09_WithLeftRecursionParsing::testRepeater5
tests/test_unit.py::Test09_WithLeftRecursionParsing::testRequiredEach
tests/test_unit.py::Test09_WithLeftRecursionParsing::testReturnOfFurthestException
tests/test_unit.py::Test09_WithLeftRecursionParsing::testRunTests
tests/test_unit.py::Test09_WithLeftRecursionParsing::testRunTestsPostParse
tests/test_unit.py::Test09_WithLeftRecursionParsing::testScanString
tests/test_unit.py::Test09_WithLeftRecursionParsing::testScanStringWithOverlap
tests/test_unit.py::Test09_WithLeftRecursionParsing::testSetBreak
tests/test_unit.py::Test09_WithLeftRecursionParsing::testSetDebugRecursively
tests/test_unit.py::Test09_WithLeftRecursionParsing::testSetDebugRecursivelyWithForward
tests/test_unit.py::Test09_WithLeftRecursionParsing::testSetName
tests/test_unit.py::Test09_WithLeftRecursionParsing::testSetNameToStrAndNone
tests/test_unit.py::Test09_WithLeftRecursionParsing::testSetParseActionUncallableErr
tests/test_unit.py::Test09_WithLeftRecursionParsing::testSetResultsNameWithOneOrMoreAndZeroOrMore
tests/test_unit.py::Test09_WithLeftRecursionParsing::testSingleArgException
tests/test_unit.py::Test09_WithLeftRecursionParsing::testSkipToIgnoreExpr2
tests/test_unit.py::Test09_WithLeftRecursionParsing::testSkipToParserTests
tests/test_unit.py::Test09_WithLeftRecursionParsing::testSkipToPreParseIgnoreExprs
tests/test_unit.py::Test09_WithLeftRecursionParsing::testStreamlineOfExpressionsAfterSetName
tests/test_unit.py::Test09_WithLeftRecursionParsing::testStreamlineOfSubexpressions
tests/test_unit.py::Test09_WithLeftRecursionParsing::testStringStart
tests/test_unit.py::Test09_WithLeftRecursionParsing::testStringStartAndLineStartInsideAnd
tests/test_unit.py::Test09_WithLeftRecursionParsing::testSumParseResults
tests/test_unit.py::Test09_WithLeftRecursionParsing::testTagElements
tests/test_unit.py::Test09_WithLeftRecursionParsing::testTokenMap
tests/test_unit.py::Test09_WithLeftRecursionParsing::testTraceParseActionDecorator
tests/test_unit.py::Test09_WithLeftRecursionParsing::testTraceParseActionDecorator_with_exception
tests/test_unit.py::Test09_WithLeftRecursionParsing::testTransformString
tests/test_unit.py::Test09_WithLeftRecursionParsing::testTransformStringWithExpectedLeadingWhitespace
tests/test_unit.py::Test09_WithLeftRecursionParsing::testTransformStringWithLeadingNotAny
tests/test_unit.py::Test09_WithLeftRecursionParsing::testTransformStringWithLeadingWhitespace
tests/test_unit.py::Test09_WithLeftRecursionParsing::testTransformStringWithLeadingWhitespaceFromTranslateProject
tests/test_unit.py::Test09_WithLeftRecursionParsing::testTrimArityExceptionMasking
tests/test_unit.py::Test09_WithLeftRecursionParsing::testTrimArityExceptionMaskingTest2
tests/test_unit.py::Test09_WithLeftRecursionParsing::testUndesirableButCommonPractices
tests/test_unit.py::Test09_WithLeftRecursionParsing::testUnicodeExpression
tests/test_unit.py::Test09_WithLeftRecursionParsing::testUnicodeSetNameEquivalence
tests/test_unit.py::Test09_WithLeftRecursionParsing::testUnicodeTests
tests/test_unit.py::Test09_WithLeftRecursionParsing::testUnicodeTests2
tests/test_unit.py::Test09_WithLeftRecursionParsing::testUpcaseDowncaseUnicode
tests/test_unit.py::Test09_WithLeftRecursionParsing::testUpdateDefaultWhitespace
tests/test_unit.py::Test09_WithLeftRecursionParsing::testUpdateDefaultWhitespace2
tests/test_unit.py::Test09_WithLeftRecursionParsing::testValidateCorrectlyDetectsInvalidLeftRecursion
tests/test_unit.py::Test09_WithLeftRecursionParsing::testVariableParseActionArgs
tests/test_unit.py::Test09_WithLeftRecursionParsing::testWarnIncorrectAssignmentToForward
tests/test_unit.py::Test09_WithLeftRecursionParsing::testWarnNameSetOnEmptyForward
tests/test_unit.py::Test09_WithLeftRecursionParsing::testWarnOnMultipleStringArgsToOneOf
tests/test_unit.py::Test09_WithLeftRecursionParsing::testWarnParsingEmptyForward
tests/test_unit.py::Test09_WithLeftRecursionParsing::testWarnUngroupedNamedTokens
tests/test_unit.py::Test09_WithLeftRecursionParsing::testWarnUsingLshiftForward
tests/test_unit.py::Test09_WithLeftRecursionParsing::testWithAttributeParseAction
tests/test_unit.py::Test09_WithLeftRecursionParsing::testWordBoundaryExpressions
tests/test_unit.py::Test09_WithLeftRecursionParsing::testWordBoundaryExpressions2
tests/test_unit.py::Test09_WithLeftRecursionParsing::testWordCopyWhenWordCharsIncludeSpace
tests/test_unit.py::Test09_WithLeftRecursionParsing::testWordCopyWhenWordCharsIncludeSpace2
tests/test_unit.py::Test09_WithLeftRecursionParsing::testWordCopyWhenWordCharsIncludeSpace3
tests/test_unit.py::Test09_WithLeftRecursionParsing::testWordExact
tests/test_unit.py::Test09_WithLeftRecursionParsing::testWordExclude
tests/test_unit.py::Test09_WithLeftRecursionParsing::testWordExclude2
tests/test_unit.py::Test09_WithLeftRecursionParsing::testWordInternalReRangeWithConsecutiveChars
tests/test_unit.py::Test09_WithLeftRecursionParsing::testWordInternalReRanges
tests/test_unit.py::Test09_WithLeftRecursionParsing::testWordInternalReRangesKnownSet
tests/test_unit.py::Test09_WithLeftRecursionParsing::testWordMaxGreaterThanZeroAndAsKeyword1
tests/test_unit.py::Test09_WithLeftRecursionParsing::testWordMaxGreaterThanZeroAndAsKeyword2
tests/test_unit.py::Test09_WithLeftRecursionParsing::testWordMin
tests/test_unit.py::Test09_WithLeftRecursionParsing::testWordMinMaxArgs
tests/test_unit.py::Test09_WithLeftRecursionParsing::testWordMinMaxExactArgs
tests/test_unit.py::Test09_WithLeftRecursionParsing::testWordMinOfZero
tests/test_unit.py::Test09_WithLeftRecursionParsing::testWordParseImpl
tests/test_unit.py::Test09_WithLeftRecursionParsing::testWordWithIdentChars
tests/test_unit.py::Test09_WithLeftRecursionParsing::testZeroOrMoreStop
tests/test_unit.py::Test09_WithLeftRecursionParsing::test_exception_messages
tests/test_unit.py::Test09_WithLeftRecursionParsing::test_exception_messages_with_exception_subclass
tests/test_unit.py::Test09_WithLeftRecursionParsing::test_pep8_synonyms
tests/test_unit.py::Test10_WithLeftRecursionParsingBoundedMemo::test000_assert_packrat_status
tests/test_unit.py::Test10_WithLeftRecursionParsingBoundedMemo::testAddCondition
tests/test_unit.py::Test10_WithLeftRecursionParsingBoundedMemo::testAssertParseAndCheckDict
tests/test_unit.py::Test10_WithLeftRecursionParsingBoundedMemo::testAtLineStart
tests/test_unit.py::Test10_WithLeftRecursionParsingBoundedMemo::testAutonameElements
tests/test_unit.py::Test10_WithLeftRecursionParsingBoundedMemo::testCStyleCommentParser
tests/test_unit.py::Test10_WithLeftRecursionParsingBoundedMemo::testCaselessKeywordVsKeywordCaseless
tests/test_unit.py::Test10_WithLeftRecursionParsingBoundedMemo::testCaselessOneOf
tests/test_unit.py::Test10_WithLeftRecursionParsingBoundedMemo::testChainedTernaryOperator
tests/test_unit.py::Test10_WithLeftRecursionParsingBoundedMemo::testCharAsKeyword
tests/test_unit.py::Test10_WithLeftRecursionParsingBoundedMemo::testCharRe
tests/test_unit.py::Test10_WithLeftRecursionParsingBoundedMemo::testCharsNotIn
tests/test_unit.py::Test10_WithLeftRecursionParsingBoundedMemo::testClearParseActions
tests/test_unit.py::Test10_WithLeftRecursionParsingBoundedMemo::testCloseMatch
tests/test_unit.py::Test10_WithLeftRecursionParsingBoundedMemo::testCloseMatchCaseless
tests/test_unit.py::Test10_WithLeftRecursionParsingBoundedMemo::testCol
tests/test_unit.py::Test10_WithLeftRecursionParsingBoundedMemo::testCombineSetName
tests/test_unit.py::Test10_WithLeftRecursionParsingBoundedMemo::testCombineWithResultsNames
tests/test_unit.py::Test10_WithLeftRecursionParsingBoundedMemo::testCommonExpressions
tests/test_unit.py::Test10_WithLeftRecursionParsingBoundedMemo::testCommonUrl
tests/test_unit.py::Test10_WithLeftRecursionParsingBoundedMemo::testCommonUrlExprs
tests/test_unit.py::Test10_WithLeftRecursionParsingBoundedMemo::testCommonUrlParts
tests/test_unit.py::Test10_WithLeftRecursionParsingBoundedMemo::testConvertToDateErr
tests/test_unit.py::Test10_WithLeftRecursionParsingBoundedMemo::testConvertToDatetimeErr
tests/test_unit.py::Test10_WithLeftRecursionParsingBoundedMemo::testCopyLiteralAttrs
tests/test_unit.py::Test10_WithLeftRecursionParsingBoundedMemo::testCountedArray
tests/test_unit.py::Test10_WithLeftRecursionParsingBoundedMemo::testCountedArrayTest2
tests/test_unit.py::Test10_WithLeftRecursionParsingBoundedMemo::testCountedArrayTest3
tests/test_unit.py::Test10_WithLeftRecursionParsingBoundedMemo::testCountedArrayTest4
tests/test_unit.py::Test10_WithLeftRecursionParsingBoundedMemo::testCreateLiteralWithEmptyString
tests/test_unit.py::Test10_WithLeftRecursionParsingBoundedMemo::testCuneiformTransformString
tests/test_unit.py::Test10_WithLeftRecursionParsingBoundedMemo::testCustomQuotes
tests/test_unit.py::Test10_WithLeftRecursionParsingBoundedMemo::testCustomQuotes2
tests/test_unit.py::Test10_WithLeftRecursionParsingBoundedMemo::testDateTimeValidation
tests/test_unit.py::Test10_WithLeftRecursionParsingBoundedMemo::testDefaultKeywordChars
tests/test_unit.py::Test10_WithLeftRecursionParsingBoundedMemo::testDelimitedListMinMax
tests/test_unit.py::Test10_WithLeftRecursionParsingBoundedMemo::testDelimitedListName
tests/test_unit.py::Test10_WithLeftRecursionParsingBoundedMemo::testDelimitedListOfStrLiterals
tests/test_unit.py::Test10_WithLeftRecursionParsingBoundedMemo::testDelimitedListParseActions1
tests/test_unit.py::Test10_WithLeftRecursionParsingBoundedMemo::testDelimitedListParseActions2
tests/test_unit.py::Test10_WithLeftRecursionParsingBoundedMemo::testDelimitedListParseActions3
tests/test_unit.py::Test10_WithLeftRecursionParsingBoundedMemo::testDeprecatedNonPep8Names
tests/test_unit.py::Test10_WithLeftRecursionParsingBoundedMemo::testDontWarnUngroupedNamedTokensIfWarningSuppressed
tests/test_unit.py::Test10_WithLeftRecursionParsingBoundedMemo::testDoubleSlashCommentParser
tests/test_unit.py::Test10_WithLeftRecursionParsingBoundedMemo::testEachWithMultipleMatch
tests/test_unit.py::Test10_WithLeftRecursionParsingBoundedMemo::testEachWithOptionalWithResultsName
tests/test_unit.py::Test10_WithLeftRecursionParsingBoundedMemo::testEachWithParseFatalException
tests/test_unit.py::Test10_WithLeftRecursionParsingBoundedMemo::testEllipsisRepetition
tests/test_unit.py::Test10_WithLeftRecursionParsingBoundedMemo::testEllipsisRepetitionWithResultsNames
tests/test_unit.py::Test10_WithLeftRecursionParsingBoundedMemo::testEmptyDictDoesNotRaiseException
tests/test_unit.py::Test10_WithLeftRecursionParsingBoundedMemo::testEmptyExpressionsAreHandledProperly
tests/test_unit.py::Test10_WithLeftRecursionParsingBoundedMemo::testEnableDebugOnExpressionWithParseAction
tests/test_unit.py::Test10_WithLeftRecursionParsingBoundedMemo::testEnableDebugOnNamedExpressions
tests/test_unit.py::Test10_WithLeftRecursionParsingBoundedMemo::testEnableDebugWithCachedExpressionsMarkedWithAsterisk
tests/test_unit.py::Test10_WithLeftRecursionParsingBoundedMemo::testEnableWarnDiags
tests/test_unit.py::Test10_WithLeftRecursionParsingBoundedMemo::testExceptionExplainVariations
tests/test_unit.py::Test10_WithLeftRecursionParsingBoundedMemo::testExceptionMessageCustomization
tests/test_unit.py::Test10_WithLeftRecursionParsingBoundedMemo::testExplainException
tests/test_unit.py::Test10_WithLeftRecursionParsingBoundedMemo::testExplainExceptionWithMemoizationCheck
tests/test_unit.py::Test10_WithLeftRecursionParsingBoundedMemo::testExprSplitter
tests/test_unit.py::Test10_WithLeftRecursionParsingBoundedMemo::testExpressionDefaultStrings
tests/test_unit.py::Test10_WithLeftRecursionParsingBoundedMemo::testFollowedBy
tests/test_unit.py::Test10_WithLeftRecursionParsingBoundedMemo::testForwardExceptionText
tests/test_unit.py::Test10_WithLeftRecursionParsingBoundedMemo::testForwardExceptionText2
tests/test_unit.py::Test10_WithLeftRecursionParsingBoundedMemo::testForwardReferenceException
tests/test_unit.py::Test10_WithLeftRecursionParsingBoundedMemo::testForwardsDoProperStreamlining
tests/test_unit.py::Test10_WithLeftRecursionParsingBoundedMemo::testGetNameBehavior
tests/test_unit.py::Test10_WithLeftRecursionParsingBoundedMemo::testGoToColumn
tests/test_unit.py::Test10_WithLeftRecursionParsingBoundedMemo::testGreedyQuotedStrings
tests/test_unit.py::Test10_WithLeftRecursionParsingBoundedMemo::testHTMLEntities
tests/test_unit.py::Test10_WithLeftRecursionParsingBoundedMemo::testHTMLStripper
tests/test_unit.py::Test10_WithLeftRecursionParsingBoundedMemo::testHtmlCommentParser
tests/test_unit.py::Test10_WithLeftRecursionParsingBoundedMemo::testIgnoreString
tests/test_unit.py::Test10_WithLeftRecursionParsingBoundedMemo::testIndentedBlock
tests/test_unit.py::Test10_WithLeftRecursionParsingBoundedMemo::testIndentedBlockClass
tests/test_unit.py::Test10_WithLeftRecursionParsingBoundedMemo::testIndentedBlockClass2
tests/test_unit.py::Test10_WithLeftRecursionParsingBoundedMemo::testIndentedBlockClassWithRecursion
tests/test_unit.py::Test10_WithLeftRecursionParsingBoundedMemo::testIndentedBlockScan
tests/test_unit.py::Test10_WithLeftRecursionParsingBoundedMemo::testIndentedBlockTest2
tests/test_unit.py::Test10_WithLeftRecursionParsingBoundedMemo::testInfixNotationBasicArithEval
tests/test_unit.py::Test10_WithLeftRecursionParsingBoundedMemo::testInfixNotationEvalBoolExprUsingAstClasses
tests/test_unit.py::Test10_WithLeftRecursionParsingBoundedMemo::testInfixNotationExceptions
tests/test_unit.py::Test10_WithLeftRecursionParsingBoundedMemo::testInfixNotationGrammarTest5
tests/test_unit.py::Test10_WithLeftRecursionParsingBoundedMemo::testInfixNotationMinimalParseActionCalls
tests/test_unit.py::Test10_WithLeftRecursionParsingBoundedMemo::testInfixNotationTernaryOperator
tests/test_unit.py::Test10_WithLeftRecursionParsingBoundedMemo::testInfixNotationWithAlternateParenSymbols
tests/test_unit.py::Test10_WithLeftRecursionParsingBoundedMemo::testInfixNotationWithNonOperators
tests/test_unit.py::Test10_WithLeftRecursionParsingBoundedMemo::testInfixNotationWithParseActions
tests/test_unit.py::Test10_WithLeftRecursionParsingBoundedMemo::testInlineLiteralsUsing
tests/test_unit.py::Test10_WithLeftRecursionParsingBoundedMemo::testInvalidDiagSetting
tests/test_unit.py::Test10_WithLeftRecursionParsingBoundedMemo::testInvalidMinMaxArgs
tests/test_unit.py::Test10_WithLeftRecursionParsingBoundedMemo::testKeywordCopyIdentChars
tests/test_unit.py::Test10_WithLeftRecursionParsingBoundedMemo::testLineAndStringEnd
tests/test_unit.py::Test10_WithLeftRecursionParsingBoundedMemo::testLineMethodSpecialCaseAtStart
tests/test_unit.py::Test10_WithLeftRecursionParsingBoundedMemo::testLineStart
tests/test_unit.py::Test10_WithLeftRecursionParsingBoundedMemo::testLineStart2
tests/test_unit.py::Test10_WithLeftRecursionParsingBoundedMemo::testLineStartWithLeadingSpaces
tests/test_unit.py::Test10_WithLeftRecursionParsingBoundedMemo::testLiteralException
tests/test_unit.py::Test10_WithLeftRecursionParsingBoundedMemo::testLiteralVsKeyword
tests/test_unit.py::Test10_WithLeftRecursionParsingBoundedMemo::testLocatedExpr
tests/test_unit.py::Test10_WithLeftRecursionParsingBoundedMemo::testLocatedExprUsingLocated
tests/test_unit.py::Test10_WithLeftRecursionParsingBoundedMemo::testLshiftOperatorWithOtherTypes
tests/test_unit.py::Test10_WithLeftRecursionParsingBoundedMemo::testMakeXMLTags
tests/test_unit.py::Test10_WithLeftRecursionParsingBoundedMemo::testMarkInputLine
tests/test_unit.py::Test10_WithLeftRecursionParsingBoundedMemo::testMatchFirstIteratesOverAllChoices
tests/test_unit.py::Test10_WithLeftRecursionParsingBoundedMemo::testMatchOnlyAtCol
tests/test_unit.py::Test10_WithLeftRecursionParsingBoundedMemo::testMatchOnlyAtColErr
tests/test_unit.py::Test10_WithLeftRecursionParsingBoundedMemo::testMiscellaneousExceptionBits
tests/test_unit.py::Test10_WithLeftRecursionParsingBoundedMemo::testMulWithEllipsis
tests/test_unit.py::Test10_WithLeftRecursionParsingBoundedMemo::testMulWithNegativeNumber
tests/test_unit.py::Test10_WithLeftRecursionParsingBoundedMemo::testNestedAsDict
tests/test_unit.py::Test10_WithLeftRecursionParsingBoundedMemo::testNestedExpressionDoesNotOverwriteParseActions
tests/test_unit.py::Test10_WithLeftRecursionParsingBoundedMemo::testNestedExpressionRandom
tests/test_unit.py::Test10_WithLeftRecursionParsingBoundedMemo::testNestedExpressions
tests/test_unit.py::Test10_WithLeftRecursionParsingBoundedMemo::testNestedExpressions2
tests/test_unit.py::Test10_WithLeftRecursionParsingBoundedMemo::testNestedExpressions3
tests/test_unit.py::Test10_WithLeftRecursionParsingBoundedMemo::testNestedExpressions4
tests/test_unit.py::Test10_WithLeftRecursionParsingBoundedMemo::testNumericExpressions
tests/test_unit.py::Test10_WithLeftRecursionParsingBoundedMemo::testOneOf
tests/test_unit.py::Test10_WithLeftRecursionParsingBoundedMemo::testOneOfKeywords
tests/test_unit.py::Test10_WithLeftRecursionParsingBoundedMemo::testOneOfWithDuplicateSymbols
tests/test_unit.py::Test10_WithLeftRecursionParsingBoundedMemo::testOneOfWithEmptyList
tests/test_unit.py::Test10_WithLeftRecursionParsingBoundedMemo::testOneOfWithUnexpectedInput
tests/test_unit.py::Test10_WithLeftRecursionParsingBoundedMemo::testOneOrMoreStop
tests/test_unit.py::Test10_WithLeftRecursionParsingBoundedMemo::testOnlyOnce
tests/test_unit.py::Test10_WithLeftRecursionParsingBoundedMemo::testOptionalBeyondEndOfString
tests/test_unit.py::Test10_WithLeftRecursionParsingBoundedMemo::testOptionalEachTest1
tests/test_unit.py::Test10_WithLeftRecursionParsingBoundedMemo::testOptionalEachTest2
tests/test_unit.py::Test10_WithLeftRecursionParsingBoundedMemo::testOptionalEachTest3
tests/test_unit.py::Test10_WithLeftRecursionParsingBoundedMemo::testOptionalEachTest4
tests/test_unit.py::Test10_WithLeftRecursionParsingBoundedMemo::testOptionalWithResultsNameAndNoMatch
tests/test_unit.py::Test10_WithLeftRecursionParsingBoundedMemo::testOriginalTextFor
tests/test_unit.py::Test10_WithLeftRecursionParsingBoundedMemo::testPackratParsingCacheCopy
tests/test_unit.py::Test10_WithLeftRecursionParsingBoundedMemo::testPackratParsingCacheCopyTest2
tests/test_unit.py::Test10_WithLeftRecursionParsingBoundedMemo::testParseActionIndexErrorException
tests/test_unit.py::Test10_WithLeftRecursionParsingBoundedMemo::testParseActionNesting
tests/test_unit.py::Test10_WithLeftRecursionParsingBoundedMemo::testParseActionRunsInNotAny
tests/test_unit.py::Test10_WithLeftRecursionParsingBoundedMemo::testParseActionWithDelimitedList
tests/test_unit.py::Test10_WithLeftRecursionParsingBoundedMemo::testParseAll
tests/test_unit.py::Test10_WithLeftRecursionParsingBoundedMemo::testParseCommaSeparatedValues
tests/test_unit.py::Test10_WithLeftRecursionParsingBoundedMemo::testParseConfigFile
tests/test_unit.py::Test10_WithLeftRecursionParsingBoundedMemo::testParseEBNF
tests/test_unit.py::Test10_WithLeftRecursionParsingBoundedMemo::testParseEBNFmissingDefinitions
tests/test_unit.py::Test10_WithLeftRecursionParsingBoundedMemo::testParseExpressionResults
tests/test_unit.py::Test10_WithLeftRecursionParsingBoundedMemo::testParseExpressionResultsAccumulate
tests/test_unit.py::Test10_WithLeftRecursionParsingBoundedMemo::testParseExpressionsWithRegex
tests/test_unit.py::Test10_WithLeftRecursionParsingBoundedMemo::testParseFatalException
tests/test_unit.py::Test10_WithLeftRecursionParsingBoundedMemo::testParseFatalException2
tests/test_unit.py::Test10_WithLeftRecursionParsingBoundedMemo::testParseFatalException3
tests/test_unit.py::Test10_WithLeftRecursionParsingBoundedMemo::testParseFile
tests/test_unit.py::Test10_WithLeftRecursionParsingBoundedMemo::testParseFourFn
tests/test_unit.py::Test10_WithLeftRecursionParsingBoundedMemo::testParseHTMLTags
tests/test_unit.py::Test10_WithLeftRecursionParsingBoundedMemo::testParseIDL
tests/test_unit.py::Test10_WithLeftRecursionParsingBoundedMemo::testParseJSONData
tests/test_unit.py::Test10_WithLeftRecursionParsingBoundedMemo::testParseKeyword
tests/test_unit.py::Test10_WithLeftRecursionParsingBoundedMemo::testParseResultsAcceptingACollectionTypeValue
tests/test_unit.py::Test10_WithLeftRecursionParsingBoundedMemo::testParseResultsAddingSuppressedTokenWithResultsName
tests/test_unit.py::Test10_WithLeftRecursionParsingBoundedMemo::testParseResultsAppend
tests/test_unit.py::Test10_WithLeftRecursionParsingBoundedMemo::testParseResultsBool
tests/test_unit.py::Test10_WithLeftRecursionParsingBoundedMemo::testParseResultsClear
tests/test_unit.py::Test10_WithLeftRecursionParsingBoundedMemo::testParseResultsCopy
tests/test_unit.py::Test10_WithLeftRecursionParsingBoundedMemo::testParseResultsDeepcopy
tests/test_unit.py::Test10_WithLeftRecursionParsingBoundedMemo::testParseResultsDeepcopy2
tests/test_unit.py::Test10_WithLeftRecursionParsingBoundedMemo::testParseResultsDeepcopy3
tests/test_unit.py::Test10_WithLeftRecursionParsingBoundedMemo::testParseResultsDel
tests/test_unit.py::Test10_WithLeftRecursionParsingBoundedMemo::testParseResultsDir
tests/test_unit.py::Test10_WithLeftRecursionParsingBoundedMemo::testParseResultsExtendWithParseResults
tests/test_unit.py::Test10_WithLeftRecursionParsingBoundedMemo::testParseResultsExtendWithString
tests/test_unit.py::Test10_WithLeftRecursionParsingBoundedMemo::testParseResultsFromDict
tests/test_unit.py::Test10_WithLeftRecursionParsingBoundedMemo::testParseResultsInsert
tests/test_unit.py::Test10_WithLeftRecursionParsingBoundedMemo::testParseResultsInsertWithResultsNames
tests/test_unit.py::Test10_WithLeftRecursionParsingBoundedMemo::testParseResultsNameBelowUngroupedName
tests/test_unit.py::Test10_WithLeftRecursionParsingBoundedMemo::testParseResultsNamedResultWithEmptyString
tests/test_unit.py::Test10_WithLeftRecursionParsingBoundedMemo::testParseResultsNamesInGroupWithDict
tests/test_unit.py::Test10_WithLeftRecursionParsingBoundedMemo::testParseResultsNewEdgeCases
tests/test_unit.py::Test10_WithLeftRecursionParsingBoundedMemo::testParseResultsPickle
tests/test_unit.py::Test10_WithLeftRecursionParsingBoundedMemo::testParseResultsPickle2
tests/test_unit.py::Test10_WithLeftRecursionParsingBoundedMemo::testParseResultsPickle3
tests/test_unit.py::Test10_WithLeftRecursionParsingBoundedMemo::testParseResultsReprWithResultsNames
tests/test_unit.py::Test10_WithLeftRecursionParsingBoundedMemo::testParseResultsReturningDunderAttribute
tests/test_unit.py::Test10_WithLeftRecursionParsingBoundedMemo::testParseResultsReversed
tests/test_unit.py::Test10_WithLeftRecursionParsingBoundedMemo::testParseResultsStringListUsingCombine
tests/test_unit.py::Test10_WithLeftRecursionParsingBoundedMemo::testParseResultsValues
tests/test_unit.py::Test10_WithLeftRecursionParsingBoundedMemo::testParseResultsWithAsListWithAndWithoutFlattening
tests/test_unit.py::Test10_WithLeftRecursionParsingBoundedMemo::testParseResultsWithNameMatchFirst
tests/test_unit.py::Test10_WithLeftRecursionParsingBoundedMemo::testParseResultsWithNameOr
tests/test_unit.py::Test10_WithLeftRecursionParsingBoundedMemo::testParseResultsWithNamedTuple
tests/test_unit.py::Test10_WithLeftRecursionParsingBoundedMemo::testParseResultsWithNestedNames
tests/test_unit.py::Test10_WithLeftRecursionParsingBoundedMemo::testParseSQL
tests/test_unit.py::Test10_WithLeftRecursionParsingBoundedMemo::testParseUsingRegex
tests/test_unit.py::Test10_WithLeftRecursionParsingBoundedMemo::testParseVerilog
tests/test_unit.py::Test10_WithLeftRecursionParsingBoundedMemo::testParserElementAddOperatorWithOtherTypes
tests/test_unit.py::Test10_WithLeftRecursionParsingBoundedMemo::testParserElementEachOperatorWithOtherTypes
tests/test_unit.py::Test10_WithLeftRecursionParsingBoundedMemo::testParserElementMatchFirstOperatorWithOtherTypes
tests/test_unit.py::Test10_WithLeftRecursionParsingBoundedMemo::testParserElementMatchLongestWithOtherTypes
tests/test_unit.py::Test10_WithLeftRecursionParsingBoundedMemo::testParserElementMulByZero
tests/test_unit.py::Test10_WithLeftRecursionParsingBoundedMemo::testParserElementMulOperatorWithOtherTypes
tests/test_unit.py::Test10_WithLeftRecursionParsingBoundedMemo::testParserElementMulOperatorWithTuples
tests/test_unit.py::Test10_WithLeftRecursionParsingBoundedMemo::testParserElementPassedStrToMultiplierShorthand
tests/test_unit.py::Test10_WithLeftRecursionParsingBoundedMemo::testParserElementPassedThreeArgsToMultiplierShorthand
tests/test_unit.py::Test10_WithLeftRecursionParsingBoundedMemo::testParserElementSubOperatorWithOtherTypes
tests/test_unit.py::Test10_WithLeftRecursionParsingBoundedMemo::testPatientOr
tests/test_unit.py::Test10_WithLeftRecursionParsingBoundedMemo::testPop
tests/test_unit.py::Test10_WithLeftRecursionParsingBoundedMemo::testPopKwargsErr
tests/test_unit.py::Test10_WithLeftRecursionParsingBoundedMemo::testPrecededBy
tests/test_unit.py::Test10_WithLeftRecursionParsingBoundedMemo::testPythonQuotedStrings
tests/test_unit.py::Test10_WithLeftRecursionParsingBoundedMemo::testQuotedStringEscapedExtendedChars
tests/test_unit.py::Test10_WithLeftRecursionParsingBoundedMemo::testQuotedStringEscapedQuotes
tests/test_unit.py::Test10_WithLeftRecursionParsingBoundedMemo::testQuotedStringLoc
tests/test_unit.py::Test10_WithLeftRecursionParsingBoundedMemo::testQuotedStringUnquotesAndConvertWhitespaceEscapes
tests/test_unit.py::Test10_WithLeftRecursionParsingBoundedMemo::testQuotedStrings
tests/test_unit.py::Test10_WithLeftRecursionParsingBoundedMemo::testReCatastrophicBacktrackingInCommentParsers
tests/test_unit.py::Test10_WithLeftRecursionParsingBoundedMemo::testReCatastrophicBacktrackingInQuotedStringParsers
tests/test_unit.py::Test10_WithLeftRecursionParsingBoundedMemo::testReStringRange
tests/test_unit.py::Test10_WithLeftRecursionParsingBoundedMemo::testRecursiveCombine
tests/test_unit.py::Test10_WithLeftRecursionParsingBoundedMemo::testRegexAsType
tests/test_unit.py::Test10_WithLeftRecursionParsingBoundedMemo::testRegexDeferredCompile
tests/test_unit.py::Test10_WithLeftRecursionParsingBoundedMemo::testRegexDeferredCompileCommonHtmlEntity
tests/test_unit.py::Test10_WithLeftRecursionParsingBoundedMemo::testRegexInvalidType
tests/test_unit.py::Test10_WithLeftRecursionParsingBoundedMemo::testRegexLoopPastEndOfString
tests/test_unit.py::Test10_WithLeftRecursionParsingBoundedMemo::testRegexSub
tests/test_unit.py::Test10_WithLeftRecursionParsingBoundedMemo::testRepeatedTokensWhenPackratting
tests/test_unit.py::Test10_WithLeftRecursionParsingBoundedMemo::testRepeater
tests/test_unit.py::Test10_WithLeftRecursionParsingBoundedMemo::testRepeater2
tests/test_unit.py::Test10_WithLeftRecursionParsingBoundedMemo::testRepeater3
tests/test_unit.py::Test10_WithLeftRecursionParsingBoundedMemo::testRepeater4
tests/test_unit.py::Test10_WithLeftRecursionParsingBoundedMemo::testRepeater5
tests/test_unit.py::Test10_WithLeftRecursionParsingBoundedMemo::testRequiredEach
tests/test_unit.py::Test10_WithLeftRecursionParsingBoundedMemo::testReturnOfFurthestException
tests/test_unit.py::Test10_WithLeftRecursionParsingBoundedMemo::testRunTests
tests/test_unit.py::Test10_WithLeftRecursionParsingBoundedMemo::testRunTestsPostParse
tests/test_unit.py::Test10_WithLeftRecursionParsingBoundedMemo::testScanString
tests/test_unit.py::Test10_WithLeftRecursionParsingBoundedMemo::testScanStringWithOverlap
tests/test_unit.py::Test10_WithLeftRecursionParsingBoundedMemo::testSetBreak
tests/test_unit.py::Test10_WithLeftRecursionParsingBoundedMemo::testSetDebugRecursively
tests/test_unit.py::Test10_WithLeftRecursionParsingBoundedMemo::testSetDebugRecursivelyWithForward
tests/test_unit.py::Test10_WithLeftRecursionParsingBoundedMemo::testSetName
tests/test_unit.py::Test10_WithLeftRecursionParsingBoundedMemo::testSetNameToStrAndNone
tests/test_unit.py::Test10_WithLeftRecursionParsingBoundedMemo::testSetParseActionUncallableErr
tests/test_unit.py::Test10_WithLeftRecursionParsingBoundedMemo::testSetResultsNameWithOneOrMoreAndZeroOrMore
tests/test_unit.py::Test10_WithLeftRecursionParsingBoundedMemo::testSingleArgException
tests/test_unit.py::Test10_WithLeftRecursionParsingBoundedMemo::testSkipToIgnoreExpr2
tests/test_unit.py::Test10_WithLeftRecursionParsingBoundedMemo::testSkipToParserTests
tests/test_unit.py::Test10_WithLeftRecursionParsingBoundedMemo::testSkipToPreParseIgnoreExprs
tests/test_unit.py::Test10_WithLeftRecursionParsingBoundedMemo::testStreamlineOfExpressionsAfterSetName
tests/test_unit.py::Test10_WithLeftRecursionParsingBoundedMemo::testStreamlineOfSubexpressions
tests/test_unit.py::Test10_WithLeftRecursionParsingBoundedMemo::testStringStart
tests/test_unit.py::Test10_WithLeftRecursionParsingBoundedMemo::testStringStartAndLineStartInsideAnd
tests/test_unit.py::Test10_WithLeftRecursionParsingBoundedMemo::testSumParseResults
tests/test_unit.py::Test10_WithLeftRecursionParsingBoundedMemo::testTagElements
tests/test_unit.py::Test10_WithLeftRecursionParsingBoundedMemo::testTokenMap
tests/test_unit.py::Test10_WithLeftRecursionParsingBoundedMemo::testTraceParseActionDecorator
tests/test_unit.py::Test10_WithLeftRecursionParsingBoundedMemo::testTraceParseActionDecorator_with_exception
tests/test_unit.py::Test10_WithLeftRecursionParsingBoundedMemo::testTransformString
tests/test_unit.py::Test10_WithLeftRecursionParsingBoundedMemo::testTransformStringWithExpectedLeadingWhitespace
tests/test_unit.py::Test10_WithLeftRecursionParsingBoundedMemo::testTransformStringWithLeadingNotAny
tests/test_unit.py::Test10_WithLeftRecursionParsingBoundedMemo::testTransformStringWithLeadingWhitespace
tests/test_unit.py::Test10_WithLeftRecursionParsingBoundedMemo::testTransformStringWithLeadingWhitespaceFromTranslateProject
tests/test_unit.py::Test10_WithLeftRecursionParsingBoundedMemo::testTrimArityExceptionMasking
tests/test_unit.py::Test10_WithLeftRecursionParsingBoundedMemo::testTrimArityExceptionMaskingTest2
tests/test_unit.py::Test10_WithLeftRecursionParsingBoundedMemo::testUndesirableButCommonPractices
tests/test_unit.py::Test10_WithLeftRecursionParsingBoundedMemo::testUnicodeExpression
tests/test_unit.py::Test10_WithLeftRecursionParsingBoundedMemo::testUnicodeSetNameEquivalence
tests/test_unit.py::Test10_WithLeftRecursionParsingBoundedMemo::testUnicodeTests
tests/test_unit.py::Test10_WithLeftRecursionParsingBoundedMemo::testUnicodeTests2
tests/test_unit.py::Test10_WithLeftRecursionParsingBoundedMemo::testUpcaseDowncaseUnicode
tests/test_unit.py::Test10_WithLeftRecursionParsingBoundedMemo::testUpdateDefaultWhitespace
tests/test_unit.py::Test10_WithLeftRecursionParsingBoundedMemo::testUpdateDefaultWhitespace2
tests/test_unit.py::Test10_WithLeftRecursionParsingBoundedMemo::testValidateCorrectlyDetectsInvalidLeftRecursion
tests/test_unit.py::Test10_WithLeftRecursionParsingBoundedMemo::testVariableParseActionArgs
tests/test_unit.py::Test10_WithLeftRecursionParsingBoundedMemo::testWarnIncorrectAssignmentToForward
tests/test_unit.py::Test10_WithLeftRecursionParsingBoundedMemo::testWarnNameSetOnEmptyForward
tests/test_unit.py::Test10_WithLeftRecursionParsingBoundedMemo::testWarnOnMultipleStringArgsToOneOf
tests/test_unit.py::Test10_WithLeftRecursionParsingBoundedMemo::testWarnParsingEmptyForward
tests/test_unit.py::Test10_WithLeftRecursionParsingBoundedMemo::testWarnUngroupedNamedTokens
tests/test_unit.py::Test10_WithLeftRecursionParsingBoundedMemo::testWarnUsingLshiftForward
tests/test_unit.py::Test10_WithLeftRecursionParsingBoundedMemo::testWithAttributeParseAction
tests/test_unit.py::Test10_WithLeftRecursionParsingBoundedMemo::testWordBoundaryExpressions
tests/test_unit.py::Test10_WithLeftRecursionParsingBoundedMemo::testWordBoundaryExpressions2
tests/test_unit.py::Test10_WithLeftRecursionParsingBoundedMemo::testWordCopyWhenWordCharsIncludeSpace
tests/test_unit.py::Test10_WithLeftRecursionParsingBoundedMemo::testWordCopyWhenWordCharsIncludeSpace2
tests/test_unit.py::Test10_WithLeftRecursionParsingBoundedMemo::testWordCopyWhenWordCharsIncludeSpace3
tests/test_unit.py::Test10_WithLeftRecursionParsingBoundedMemo::testWordExact
tests/test_unit.py::Test10_WithLeftRecursionParsingBoundedMemo::testWordExclude
tests/test_unit.py::Test10_WithLeftRecursionParsingBoundedMemo::testWordExclude2
tests/test_unit.py::Test10_WithLeftRecursionParsingBoundedMemo::testWordInternalReRangeWithConsecutiveChars
tests/test_unit.py::Test10_WithLeftRecursionParsingBoundedMemo::testWordInternalReRanges
tests/test_unit.py::Test10_WithLeftRecursionParsingBoundedMemo::testWordInternalReRangesKnownSet
tests/test_unit.py::Test10_WithLeftRecursionParsingBoundedMemo::testWordMaxGreaterThanZeroAndAsKeyword1
tests/test_unit.py::Test10_WithLeftRecursionParsingBoundedMemo::testWordMaxGreaterThanZeroAndAsKeyword2
tests/test_unit.py::Test10_WithLeftRecursionParsingBoundedMemo::testWordMin
tests/test_unit.py::Test10_WithLeftRecursionParsingBoundedMemo::testWordMinMaxArgs
tests/test_unit.py::Test10_WithLeftRecursionParsingBoundedMemo::testWordMinMaxExactArgs
tests/test_unit.py::Test10_WithLeftRecursionParsingBoundedMemo::testWordMinOfZero
tests/test_unit.py::Test10_WithLeftRecursionParsingBoundedMemo::testWordParseImpl
tests/test_unit.py::Test10_WithLeftRecursionParsingBoundedMemo::testWordWithIdentChars
tests/test_unit.py::Test10_WithLeftRecursionParsingBoundedMemo::testZeroOrMoreStop
tests/test_unit.py::Test10_WithLeftRecursionParsingBoundedMemo::test_exception_messages
tests/test_unit.py::Test10_WithLeftRecursionParsingBoundedMemo::test_exception_messages_with_exception_subclass
tests/test_unit.py::Test10_WithLeftRecursionParsingBoundedMemo::test_pep8_synonyms
tests/test_unit.py::Test11_LR1_Recursion::test_add_sub
tests/test_unit.py::Test11_LR1_Recursion::test_binary_associative
tests/test_unit.py::Test11_LR1_Recursion::test_binary_recursive
tests/test_unit.py::Test11_LR1_Recursion::test_math
tests/test_unit.py::Test11_LR1_Recursion::test_non_peg
tests/test_unit.py::Test11_LR1_Recursion::test_repeat_as_recurse
tests/test_unit.py::Test11_LR1_Recursion::test_terminate_empty
tests/test_unit.py::TestShowBestPractices::test_cli_invocation_with_module_flag
tests/test_unit.py::TestShowBestPractices::test_fallback_when_file_missing
tests/test_unit.py::TestShowBestPractices::test_loads_markdown_file
tests/test_util.py::test_flatten[Empty list-input_list0-expected_output0]
tests/test_util.py::test_flatten[Flat list-input_list1-expected_output1]
tests/test_util.py::test_flatten[Nested list-input_list2-expected_output2]
tests/test_util.py::test_flatten[Mixed list with single values and lists-input_list3-expected_output3]
tests/test_util.py::test_flatten[Deeper nested lists-input_list4-expected_output4]
tests/test_util.py::test_flatten[Deeper nesting with sublists-input_list5-expected_output5]
tests/test_util.py::test_flatten[Mixed empty and non-empty nested lists-input_list6-expected_output6]
tests/test_util.py::test_flatten[Deeply nested empty lists-input_list7-expected_output7]
tests/test_util.py::test_flatten[Mixed empty lists and non-empty elements-input_list8-expected_output8]
tests/test_util.py::test_flatten[ParseResults instead of lists-input_list9-expected_output9]
tests/test_util.py::test_flatten[ParseResults with mixed types-input_list10-expected_output10]
tests/test_util.py::test_flatten[Nested ParseResults-input_list11-expected_output11]
tests/test_util.py::test_flatten[Empty ParseResults-input_list12-expected_output12]
tests/test_util.py::test_collapse_string_to_ranges[Empty string--True-]
tests/test_util.py::test_collapse_string_to_ranges[Single character-a-True-a]
tests/test_util.py::test_collapse_string_to_ranges[Two consecutive characters-ab-True-ab]
tests/test_util.py::test_collapse_string_to_ranges[Two non-consecutive characters-az-True-az]
tests/test_util.py::test_collapse_string_to_ranges[Three consecutive characters-abcg-True-a-cg]
tests/test_util.py::test_collapse_string_to_ranges[Full consecutive alphabet-abcdefghijklmnopqrstuvwxyz-True-a-z]
tests/test_util.py::test_collapse_string_to_ranges[Consecutive characters with special regex chars-^-]-True-\\-\\]\\^]
tests/test_util.py::test_collapse_string_to_ranges[Consecutive characters without escaping-^-]-False--]^]
tests/test_util.py::test_collapse_string_to_ranges[Mixed consecutive and non-consecutive-abcxyz-True-a-cx-z]
tests/test_util.py::test_collapse_string_to_ranges[Reversed order input-cba-True-a-c]
tests/test_util.py::test_collapse_string_to_ranges[Characters with duplicates-aaxxxddddbbcc-True-a-dx]
tests/test_util.py::test_collapse_string_to_ranges[Non-alphabetic consecutive characters-012345-True-0-5]
tests/test_util.py::test_collapse_string_to_ranges[Non-alphabetic mixed characters-@05-True-05@]
tests/test_util.py::test_collapse_string_to_ranges[Non-alphabetic, non-consecutive characters-02-True-02]
tests/test_util.py::test_collapse_string_to_ranges[Verify range ending with '-' creates valid regex-*+,--True-*-\\-]
tests/test_util.py::test_collapse_string_to_ranges[Verify range ending with ']' creates valid regex-WXYZ[\\]-True-W-\\]]
tests/test_util.py::test_collapse_string_to_ranges[Verify range starting with '^' creates valid regex-^_`a-True-\\^-a]
tests/test_util.py::test_col[First column, no newline-0-abcdef-1]
tests/test_util.py::test_col[Second column, no newline-1-abcdef-2]
tests/test_util.py::test_col[First column after newline-4-abc\ndef-1]
tests/test_util.py::test_col[Second column after newline-5-abc\ndef-2]
tests/test_util.py::test_col[Column after multiple newlines-9-abc\ndef\nghi-2]
tests/test_util.py::test_col[Location at start of string-0-abcdef-1]
tests/test_util.py::test_col[Location at end of string-5-abcdef-6]
tests/test_util.py::test_col[Column after newline at end-3-abc\n-4]
tests/test_util.py::test_col[Tab character in the string-4-a\tbcd\tef-5]
tests/test_util.py::test_col[Multiple lines with tab-8-a\tb\nc\td-5]
tests/test_util.py::test_line[Single line, no newlines-0-abcdef-abcdef]
tests/test_util.py::test_line[First line in multi-line string-2-abc\ndef-abc]
tests/test_util.py::test_line[Second line in multi-line string-5-abc\ndef-def]
tests/test_util.py::test_line[Location at start of second line-4-abc\ndef-def]
tests/test_util.py::test_line[Empty string-0--]
tests/test_util.py::test_line[Location at newline character-3-abc\ndef-abc]
tests/test_util.py::test_line[Last line without trailing newline-7-abc\ndef\nghi-def]
tests/test_util.py::test_line[Single line with newline at end-2-abc\n-abc]
tests/test_util.py::test_line[Multi-line with multiple newlines-6-line1\nline2\nline3-line2]
tests/test_util.py::test_line[Multi-line with trailing newline-11-line1\nline2\nline3\n-line2]
tests/test_util.py::test_lineno[Single line, no newlines-0-abcdef-1]
tests/test_util.py::test_lineno[First line in multi-line string-2-abc\ndef-1]
tests/test_util.py::test_lineno[Second line in multi-line string-5-abc\ndef-2]
tests/test_util.py::test_lineno[Location at start of second line-4-abc\ndef-2]
tests/test_util.py::test_lineno[Multiple newlines, third line-10-abc\ndef\nghi-3]
tests/test_util.py::test_lineno[Empty string-0--1]
tests/test_util.py::test_lineno[Location at newline character-3-abc\ndef-1]
tests/test_util.py::test_lineno[Last line without trailing newline-7-abc\ndef\nghi-2]
tests/test_util.py::test_lineno[Single line with newline at end-4-abc\n-2]
tests/test_util.py::test_lineno[Multi-line with trailing newline-12-line1\nline2\nline3\n-3]
tests/test_util.py::test_lineno[Location in middle of a tabbed string-7-a\tb\nc\td-2]
tests/test_util.py::test_html_entities
tests/test_util.py::test_make_compressed_re
tests/test_util.py::test_make_compressed_re_bad_input
tests/test_util.py::test_make_compressed_re_random

==================================== ERRORS ====================================
____________________ ERROR collecting tests/test_diagram.py ____________________
ImportError while importing test module '/workspace/tests/test_diagram.py'.
Hint: make sure your test modules/packages have valid Python names.
Traceback:
/usr/lib/python3.12/importlib/__init__.py:90: in import_module
    return _bootstrap._gcd_import(name[level:], package, level)
tests/test_diagram.py:10: in <module>
    from pyparsing.diagram import to_railroad, railroad_to_html, NamedDiagram, AnnotatedItem
pyparsing/diagram/__init__.py:5: in <module>
    import railroad
E   ModuleNotFoundError: No module named 'railroad'
=========================== short test summary info ============================
ERROR tests/test_diagram.py
!!!!!!!!!!!!!!!!!!!! Interrupted: 1 error during collection !!!!!!!!!!!!!!!!!!!!
2033 tests collected, 1 error in 0.86s
